ImagenesCarasRed/s1/1.pgm, id1,
ImagenesCarasRed/s1/2.pgm, id1,
ImagenesCarasRed/s1/3.pgm, id1,
ImagenesCarasRed/s1/4.pgm, id1,
ImagenesCarasRed/s1/5.pgm, id1,
ImagenesCarasRed/s1/6.pgm, id1,
ImagenesCarasRed/s1/7.pgm, id1,
ImagenesCarasRed/s1/8.pgm, id1,
ImagenesCarasRed/s1/9.pgm, id1,
ImagenesCarasRed/s1/10.pgm, id1,
ImagenesCarasRed/s2/1.pgm, id2,
ImagenesCarasRed/s2/2.pgm, id2,
ImagenesCarasRed/s2/3.pgm, id2,
ImagenesCarasRed/s2/4.pgm, id2,
ImagenesCarasRed/s2/5.pgm, id2,
ImagenesCarasRed/s2/6.pgm, id2,
ImagenesCarasRed/s2/7.pgm, id2,
ImagenesCarasRed/s2/8.pgm, id2,
ImagenesCarasRed/s2/9.pgm, id2,
ImagenesCarasRed/s2/10.pgm, id2,
ImagenesCarasRed/s3/1.pgm, id3,
ImagenesCarasRed/s3/2.pgm, id3,
ImagenesCarasRed/s3/3.pgm, id3,
ImagenesCarasRed/s3/4.pgm, id3,
ImagenesCarasRed/s3/5.pgm, id3,
ImagenesCarasRed/s3/6.pgm, id3,
ImagenesCarasRed/s3/7.pgm, id3,
ImagenesCarasRed/s3/8.pgm, id3,
ImagenesCarasRed/s3/9.pgm, id3,
ImagenesCarasRed/s3/10.pgm, id3,
ImagenesCarasRed/s4/1.pgm, id4,
ImagenesCarasRed/s4/2.pgm, id4,
ImagenesCarasRed/s4/3.pgm, id4,
ImagenesCarasRed/s4/4.pgm, id4,
ImagenesCarasRed/s4/5.pgm, id4,
ImagenesCarasRed/s4/6.pgm, id4,
ImagenesCarasRed/s4/7.pgm, id4,
ImagenesCarasRed/s4/8.pgm, id4,
ImagenesCarasRed/s4/9.pgm, id4,
ImagenesCarasRed/s4/10.pgm, id4,
ImagenesCarasRed/s5/1.pgm, id5,
ImagenesCarasRed/s5/2.pgm, id5,
ImagenesCarasRed/s5/3.pgm, id5,
ImagenesCarasRed/s5/4.pgm, id5,
ImagenesCarasRed/s5/5.pgm, id5,
ImagenesCarasRed/s5/6.pgm, id5,
ImagenesCarasRed/s5/7.pgm, id5,
ImagenesCarasRed/s5/8.pgm, id5,
ImagenesCarasRed/s5/9.pgm, id5,
ImagenesCarasRed/s5/10.pgm, id5,
ImagenesCarasRed/s6/1.pgm, id6,
ImagenesCarasRed/s6/2.pgm, id6,
ImagenesCarasRed/s6/3.pgm, id6,
ImagenesCarasRed/s6/4.pgm, id6,
ImagenesCarasRed/s6/5.pgm, id6,
ImagenesCarasRed/s6/6.pgm, id6,
ImagenesCarasRed/s6/7.pgm, id6,
ImagenesCarasRed/s6/8.pgm, id6,
ImagenesCarasRed/s6/9.pgm, id6,
ImagenesCarasRed/s6/10.pgm, id6,
ImagenesCarasRed/s7/1.pgm, id7,
ImagenesCarasRed/s7/2.pgm, id7,
ImagenesCarasRed/s7/3.pgm, id7,
ImagenesCarasRed/s7/4.pgm, id7,
ImagenesCarasRed/s7/5.pgm, id7,
ImagenesCarasRed/s7/6.pgm, id7,
ImagenesCarasRed/s7/7.pgm, id7,
ImagenesCarasRed/s7/8.pgm, id7,
ImagenesCarasRed/s7/9.pgm, id7,
ImagenesCarasRed/s7/10.pgm, id7,
ImagenesCarasRed/s8/1.pgm, id8,
ImagenesCarasRed/s8/2.pgm, id8,
ImagenesCarasRed/s8/3.pgm, id8,
ImagenesCarasRed/s8/4.pgm, id8,
ImagenesCarasRed/s8/5.pgm, id8,
ImagenesCarasRed/s8/6.pgm, id8,
ImagenesCarasRed/s8/7.pgm, id8,
ImagenesCarasRed/s8/8.pgm, id8,
ImagenesCarasRed/s8/9.pgm, id8,
ImagenesCarasRed/s8/10.pgm, id8,
ImagenesCarasRed/s9/1.pgm, id9,
ImagenesCarasRed/s9/2.pgm, id9,
ImagenesCarasRed/s9/3.pgm, id9,
ImagenesCarasRed/s9/4.pgm, id9,
ImagenesCarasRed/s9/5.pgm, id9,
ImagenesCarasRed/s9/6.pgm, id9,
ImagenesCarasRed/s9/7.pgm, id9,
ImagenesCarasRed/s9/8.pgm, id9,
ImagenesCarasRed/s9/9.pgm, id9,
ImagenesCarasRed/s9/10.pgm, id9,
ImagenesCarasRed/s10/1.pgm, id10,
ImagenesCarasRed/s10/2.pgm, id10,
ImagenesCarasRed/s10/3.pgm, id10,
ImagenesCarasRed/s10/4.pgm, id10,
ImagenesCarasRed/s10/5.pgm, id10,
ImagenesCarasRed/s10/6.pgm, id10,
ImagenesCarasRed/s10/7.pgm, id10,
ImagenesCarasRed/s10/8.pgm, id10,
ImagenesCarasRed/s10/9.pgm, id10,
ImagenesCarasRed/s10/10.pgm, id10,
ImagenesCarasRed/s11/1.pgm, id11,
ImagenesCarasRed/s11/2.pgm, id11,
ImagenesCarasRed/s11/3.pgm, id11,
ImagenesCarasRed/s11/4.pgm, id11,
ImagenesCarasRed/s11/5.pgm, id11,
ImagenesCarasRed/s11/6.pgm, id11,
ImagenesCarasRed/s11/7.pgm, id11,
ImagenesCarasRed/s11/8.pgm, id11,
ImagenesCarasRed/s11/9.pgm, id11,
ImagenesCarasRed/s11/10.pgm, id11,
ImagenesCarasRed/s12/1.pgm, id12,
ImagenesCarasRed/s12/2.pgm, id12,
ImagenesCarasRed/s12/3.pgm, id12,
ImagenesCarasRed/s12/4.pgm, id12,
ImagenesCarasRed/s12/5.pgm, id12,
ImagenesCarasRed/s12/6.pgm, id12,
ImagenesCarasRed/s12/7.pgm, id12,
ImagenesCarasRed/s12/8.pgm, id12,
ImagenesCarasRed/s12/9.pgm, id12,
ImagenesCarasRed/s12/10.pgm, id12,
ImagenesCarasRed/s13/1.pgm, id13,
ImagenesCarasRed/s13/2.pgm, id13,
ImagenesCarasRed/s13/3.pgm, id13,
ImagenesCarasRed/s13/4.pgm, id13,
ImagenesCarasRed/s13/5.pgm, id13,
ImagenesCarasRed/s13/6.pgm, id13,
ImagenesCarasRed/s13/7.pgm, id13,
ImagenesCarasRed/s13/8.pgm, id13,
ImagenesCarasRed/s13/9.pgm, id13,
ImagenesCarasRed/s13/10.pgm, id13,
ImagenesCarasRed/s14/1.pgm, id14,
ImagenesCarasRed/s14/2.pgm, id14,
ImagenesCarasRed/s14/3.pgm, id14,
ImagenesCarasRed/s14/4.pgm, id14,
ImagenesCarasRed/s14/5.pgm, id14,
ImagenesCarasRed/s14/6.pgm, id14,
ImagenesCarasRed/s14/7.pgm, id14,
ImagenesCarasRed/s14/8.pgm, id14,
ImagenesCarasRed/s14/9.pgm, id14,
ImagenesCarasRed/s14/10.pgm, id14,
ImagenesCarasRed/s15/1.pgm, id15,
ImagenesCarasRed/s15/2.pgm, id15,
ImagenesCarasRed/s15/3.pgm, id15,
ImagenesCarasRed/s15/4.pgm, id15,
ImagenesCarasRed/s15/5.pgm, id15,
ImagenesCarasRed/s15/6.pgm, id15,
ImagenesCarasRed/s15/7.pgm, id15,
ImagenesCarasRed/s15/8.pgm, id15,
ImagenesCarasRed/s15/9.pgm, id15,
ImagenesCarasRed/s15/10.pgm, id15,
ImagenesCarasRed/s16/1.pgm, id16,
ImagenesCarasRed/s16/2.pgm, id16,
ImagenesCarasRed/s16/3.pgm, id16,
ImagenesCarasRed/s16/4.pgm, id16,
ImagenesCarasRed/s16/5.pgm, id16,
ImagenesCarasRed/s16/6.pgm, id16,
ImagenesCarasRed/s16/7.pgm, id16,
ImagenesCarasRed/s16/8.pgm, id16,
ImagenesCarasRed/s16/9.pgm, id16,
ImagenesCarasRed/s16/10.pgm, id16,
ImagenesCarasRed/s17/1.pgm, id17,
ImagenesCarasRed/s17/2.pgm, id17,
ImagenesCarasRed/s17/3.pgm, id17,
ImagenesCarasRed/s17/4.pgm, id17,
ImagenesCarasRed/s17/5.pgm, id17,
ImagenesCarasRed/s17/6.pgm, id17,
ImagenesCarasRed/s17/7.pgm, id17,
ImagenesCarasRed/s17/8.pgm, id17,
ImagenesCarasRed/s17/9.pgm, id17,
ImagenesCarasRed/s17/10.pgm, id17,
ImagenesCarasRed/s18/1.pgm, id18,
ImagenesCarasRed/s18/2.pgm, id18,
ImagenesCarasRed/s18/3.pgm, id18,
ImagenesCarasRed/s18/4.pgm, id18,
ImagenesCarasRed/s18/5.pgm, id18,
ImagenesCarasRed/s18/6.pgm, id18,
ImagenesCarasRed/s18/7.pgm, id18,
ImagenesCarasRed/s18/8.pgm, id18,
ImagenesCarasRed/s18/9.pgm, id18,
ImagenesCarasRed/s18/10.pgm, id18,
ImagenesCarasRed/s19/1.pgm, id19,
ImagenesCarasRed/s19/2.pgm, id19,
ImagenesCarasRed/s19/3.pgm, id19,
ImagenesCarasRed/s19/4.pgm, id19,
ImagenesCarasRed/s19/5.pgm, id19,
ImagenesCarasRed/s19/6.pgm, id19,
ImagenesCarasRed/s19/7.pgm, id19,
ImagenesCarasRed/s19/8.pgm, id19,
ImagenesCarasRed/s19/9.pgm, id19,
ImagenesCarasRed/s19/10.pgm, id19,
ImagenesCarasRed/s20/1.pgm, id20,
ImagenesCarasRed/s20/2.pgm, id20,
ImagenesCarasRed/s20/3.pgm, id20,
ImagenesCarasRed/s20/4.pgm, id20,
ImagenesCarasRed/s20/5.pgm, id20,
ImagenesCarasRed/s20/6.pgm, id20,
ImagenesCarasRed/s20/7.pgm, id20,
ImagenesCarasRed/s20/8.pgm, id20,
ImagenesCarasRed/s20/9.pgm, id20,
ImagenesCarasRed/s20/10.pgm, id20,
ImagenesCarasRed/s21/1.pgm, id21,
ImagenesCarasRed/s21/2.pgm, id21,
ImagenesCarasRed/s21/3.pgm, id21,
ImagenesCarasRed/s21/4.pgm, id21,
ImagenesCarasRed/s21/5.pgm, id21,
ImagenesCarasRed/s21/6.pgm, id21,
ImagenesCarasRed/s21/7.pgm, id21,
ImagenesCarasRed/s21/8.pgm, id21,
ImagenesCarasRed/s21/9.pgm, id21,
ImagenesCarasRed/s21/10.pgm, id21,
ImagenesCarasRed/s22/1.pgm, id22,
ImagenesCarasRed/s22/2.pgm, id22,
ImagenesCarasRed/s22/3.pgm, id22,
ImagenesCarasRed/s22/4.pgm, id22,
ImagenesCarasRed/s22/5.pgm, id22,
ImagenesCarasRed/s22/6.pgm, id22,
ImagenesCarasRed/s22/7.pgm, id22,
ImagenesCarasRed/s22/8.pgm, id22,
ImagenesCarasRed/s22/9.pgm, id22,
ImagenesCarasRed/s22/10.pgm, id22,
ImagenesCarasRed/s23/1.pgm, id23,
ImagenesCarasRed/s23/2.pgm, id23,
ImagenesCarasRed/s23/3.pgm, id23,
ImagenesCarasRed/s23/4.pgm, id23,
ImagenesCarasRed/s23/5.pgm, id23,
ImagenesCarasRed/s23/6.pgm, id23,
ImagenesCarasRed/s23/7.pgm, id23,
ImagenesCarasRed/s23/8.pgm, id23,
ImagenesCarasRed/s23/9.pgm, id23,
ImagenesCarasRed/s23/10.pgm, id23,
ImagenesCarasRed/s24/1.pgm, id24,
ImagenesCarasRed/s24/2.pgm, id24,
ImagenesCarasRed/s24/3.pgm, id24,
ImagenesCarasRed/s24/4.pgm, id24,
ImagenesCarasRed/s24/5.pgm, id24,
ImagenesCarasRed/s24/6.pgm, id24,
ImagenesCarasRed/s24/7.pgm, id24,
ImagenesCarasRed/s24/8.pgm, id24,
ImagenesCarasRed/s24/9.pgm, id24,
ImagenesCarasRed/s24/10.pgm, id24,
ImagenesCarasRed/s25/1.pgm, id25,
ImagenesCarasRed/s25/2.pgm, id25,
ImagenesCarasRed/s25/3.pgm, id25,
ImagenesCarasRed/s25/4.pgm, id25,
ImagenesCarasRed/s25/5.pgm, id25,
ImagenesCarasRed/s25/6.pgm, id25,
ImagenesCarasRed/s25/7.pgm, id25,
ImagenesCarasRed/s25/8.pgm, id25,
ImagenesCarasRed/s25/9.pgm, id25,
ImagenesCarasRed/s25/10.pgm, id25,
ImagenesCarasRed/s26/1.pgm, id26,
ImagenesCarasRed/s26/2.pgm, id26,
ImagenesCarasRed/s26/3.pgm, id26,
ImagenesCarasRed/s26/4.pgm, id26,
ImagenesCarasRed/s26/5.pgm, id26,
ImagenesCarasRed/s26/6.pgm, id26,
ImagenesCarasRed/s26/7.pgm, id26,
ImagenesCarasRed/s26/8.pgm, id26,
ImagenesCarasRed/s26/9.pgm, id26,
ImagenesCarasRed/s26/10.pgm, id26,
ImagenesCarasRed/s27/1.pgm, id27,
ImagenesCarasRed/s27/2.pgm, id27,
ImagenesCarasRed/s27/3.pgm, id27,
ImagenesCarasRed/s27/4.pgm, id27,
ImagenesCarasRed/s27/5.pgm, id27,
ImagenesCarasRed/s27/6.pgm, id27,
ImagenesCarasRed/s27/7.pgm, id27,
ImagenesCarasRed/s27/8.pgm, id27,
ImagenesCarasRed/s27/9.pgm, id27,
ImagenesCarasRed/s27/10.pgm, id27,
ImagenesCarasRed/s28/1.pgm, id28,
ImagenesCarasRed/s28/2.pgm, id28,
ImagenesCarasRed/s28/3.pgm, id28,
ImagenesCarasRed/s28/4.pgm, id28,
ImagenesCarasRed/s28/5.pgm, id28,
ImagenesCarasRed/s28/6.pgm, id28,
ImagenesCarasRed/s28/7.pgm, id28,
ImagenesCarasRed/s28/8.pgm, id28,
ImagenesCarasRed/s28/9.pgm, id28,
ImagenesCarasRed/s28/10.pgm, id28,
ImagenesCarasRed/s29/1.pgm, id29,
ImagenesCarasRed/s29/2.pgm, id29,
ImagenesCarasRed/s29/3.pgm, id29,
ImagenesCarasRed/s29/4.pgm, id29,
ImagenesCarasRed/s29/5.pgm, id29,
ImagenesCarasRed/s29/6.pgm, id29,
ImagenesCarasRed/s29/7.pgm, id29,
ImagenesCarasRed/s29/8.pgm, id29,
ImagenesCarasRed/s29/9.pgm, id29,
ImagenesCarasRed/s29/10.pgm, id29,
ImagenesCarasRed/s30/1.pgm, id30,
ImagenesCarasRed/s30/2.pgm, id30,
ImagenesCarasRed/s30/3.pgm, id30,
ImagenesCarasRed/s30/4.pgm, id30,
ImagenesCarasRed/s30/5.pgm, id30,
ImagenesCarasRed/s30/6.pgm, id30,
ImagenesCarasRed/s30/7.pgm, id30,
ImagenesCarasRed/s30/8.pgm, id30,
ImagenesCarasRed/s30/9.pgm, id30,
ImagenesCarasRed/s30/10.pgm, id30,
ImagenesCarasRed/s31/1.pgm, id31,
ImagenesCarasRed/s31/2.pgm, id31,
ImagenesCarasRed/s31/3.pgm, id31,
ImagenesCarasRed/s31/4.pgm, id31,
ImagenesCarasRed/s31/5.pgm, id31,
ImagenesCarasRed/s31/6.pgm, id31,
ImagenesCarasRed/s31/7.pgm, id31,
ImagenesCarasRed/s31/8.pgm, id31,
ImagenesCarasRed/s31/9.pgm, id31,
ImagenesCarasRed/s31/10.pgm, id31,
ImagenesCarasRed/s32/1.pgm, id32,
ImagenesCarasRed/s32/2.pgm, id32,
ImagenesCarasRed/s32/3.pgm, id32,
ImagenesCarasRed/s32/4.pgm, id32,
ImagenesCarasRed/s32/5.pgm, id32,
ImagenesCarasRed/s32/6.pgm, id32,
ImagenesCarasRed/s32/7.pgm, id32,
ImagenesCarasRed/s32/8.pgm, id32,
ImagenesCarasRed/s32/9.pgm, id32,
ImagenesCarasRed/s32/10.pgm, id32,
ImagenesCarasRed/s33/1.pgm, id33,
ImagenesCarasRed/s33/2.pgm, id33,
ImagenesCarasRed/s33/3.pgm, id33,
ImagenesCarasRed/s33/4.pgm, id33,
ImagenesCarasRed/s33/5.pgm, id33,
ImagenesCarasRed/s33/6.pgm, id33,
ImagenesCarasRed/s33/7.pgm, id33,
ImagenesCarasRed/s33/8.pgm, id33,
ImagenesCarasRed/s33/9.pgm, id33,
ImagenesCarasRed/s33/10.pgm, id33,
ImagenesCarasRed/s34/1.pgm, id34,
ImagenesCarasRed/s34/2.pgm, id34,
ImagenesCarasRed/s34/3.pgm, id34,
ImagenesCarasRed/s34/4.pgm, id34,
ImagenesCarasRed/s34/5.pgm, id34,
ImagenesCarasRed/s34/6.pgm, id34,
ImagenesCarasRed/s34/7.pgm, id34,
ImagenesCarasRed/s34/8.pgm, id34,
ImagenesCarasRed/s34/9.pgm, id34,
ImagenesCarasRed/s34/10.pgm, id34,
ImagenesCarasRed/s35/1.pgm, id35,
ImagenesCarasRed/s35/2.pgm, id35,
ImagenesCarasRed/s35/3.pgm, id35,
ImagenesCarasRed/s35/4.pgm, id35,
ImagenesCarasRed/s35/5.pgm, id35,
ImagenesCarasRed/s35/6.pgm, id35,
ImagenesCarasRed/s35/7.pgm, id35,
ImagenesCarasRed/s35/8.pgm, id35,
ImagenesCarasRed/s35/9.pgm, id35,
ImagenesCarasRed/s35/10.pgm, id35,
ImagenesCarasRed/s36/1.pgm, id36,
ImagenesCarasRed/s36/2.pgm, id36,
ImagenesCarasRed/s36/3.pgm, id36,
ImagenesCarasRed/s36/4.pgm, id36,
ImagenesCarasRed/s36/5.pgm, id36,
ImagenesCarasRed/s36/6.pgm, id36,
ImagenesCarasRed/s36/7.pgm, id36,
ImagenesCarasRed/s36/8.pgm, id36,
ImagenesCarasRed/s36/9.pgm, id36,
ImagenesCarasRed/s36/10.pgm, id36,
ImagenesCarasRed/s37/1.pgm, id37,
ImagenesCarasRed/s37/2.pgm, id37,
ImagenesCarasRed/s37/3.pgm, id37,
ImagenesCarasRed/s37/4.pgm, id37,
ImagenesCarasRed/s37/5.pgm, id37,
ImagenesCarasRed/s37/6.pgm, id37,
ImagenesCarasRed/s37/7.pgm, id37,
ImagenesCarasRed/s37/8.pgm, id37,
ImagenesCarasRed/s37/9.pgm, id37,
ImagenesCarasRed/s37/10.pgm, id37,
ImagenesCarasRed/s38/1.pgm, id38,
ImagenesCarasRed/s38/2.pgm, id38,
ImagenesCarasRed/s38/3.pgm, id38,
ImagenesCarasRed/s38/4.pgm, id38,
ImagenesCarasRed/s38/5.pgm, id38,
ImagenesCarasRed/s38/6.pgm, id38,
ImagenesCarasRed/s38/7.pgm, id38,
ImagenesCarasRed/s38/8.pgm, id38,
ImagenesCarasRed/s38/9.pgm, id38,
ImagenesCarasRed/s38/10.pgm, id38,
ImagenesCarasRed/s39/1.pgm, id39,
ImagenesCarasRed/s39/2.pgm, id39,
ImagenesCarasRed/s39/3.pgm, id39,
ImagenesCarasRed/s39/4.pgm, id39,
ImagenesCarasRed/s39/5.pgm, id39,
ImagenesCarasRed/s39/6.pgm, id39,
ImagenesCarasRed/s39/7.pgm, id39,
ImagenesCarasRed/s39/8.pgm, id39,
ImagenesCarasRed/s39/9.pgm, id39,
ImagenesCarasRed/s39/10.pgm, id39,
ImagenesCarasRed/s40/1.pgm, id40,
ImagenesCarasRed/s40/2.pgm, id40,
ImagenesCarasRed/s40/3.pgm, id40,
ImagenesCarasRed/s40/4.pgm, id40,
ImagenesCarasRed/s40/5.pgm, id40,
ImagenesCarasRed/s40/6.pgm, id40,
ImagenesCarasRed/s40/7.pgm, id40,
ImagenesCarasRed/s40/8.pgm, id40,
ImagenesCarasRed/s40/9.pgm, id40,
ImagenesCarasRed/s40/10.pgm, id40,
ImagenesCarasRed/s41/1.pgm, id41,
ImagenesCarasRed/s41/2.pgm, id41,
ImagenesCarasRed/s41/3.pgm, id41,
ImagenesCarasRed/s41/4.pgm, id41,
ImagenesCarasRed/s41/5.pgm, id41,
ImagenesCarasRed/s41/6.pgm, id41,
ImagenesCarasRed/s41/7.pgm, id41,
ImagenesCarasRed/s41/8.pgm, id41,
ImagenesCarasRed/s41/9.pgm, id41,
ImagenesCarasRed/s41/10.pgm, id41,
