1 1 ImagenesCaras/s1/1.pgm, 1, 
1 1 ImagenesCaras/s2/1.pgm, 1, 
1 1 ImagenesCaras/s3/1.pgm, 1, 
1 1 ImagenesCaras/s4/1.pgm, 11, 
1 1 ImagenesCaras/s5/1.pgm, 1, 
1 1 ImagenesCaras/s6/1.pgm, 1, 
1 1 ImagenesCaras/s7/1.pgm, 9, 
1 1 ImagenesCaras/s8/1.pgm, 1, 
1 1 ImagenesCaras/s9/1.pgm, 1, 
1 1 ImagenesCaras/s10/1.pgm, 1, 
1 1 ImagenesCaras/s11/1.pgm, 1, 
1 1 ImagenesCaras/s12/1.pgm, 1, 
1 1 ImagenesCaras/s13/1.pgm, 1, 
1 1 ImagenesCaras/s14/1.pgm, 1, 
1 1 ImagenesCaras/s15/1.pgm, 1, 
1 1 ImagenesCaras/s16/1.pgm, 1, 
1 1 ImagenesCaras/s17/1.pgm, 25, 
1 1 ImagenesCaras/s18/1.pgm, 1, 
1 1 ImagenesCaras/s19/1.pgm, 1, 
1 1 ImagenesCaras/s20/1.pgm, 1, 
1 1 ImagenesCaras/s21/1.pgm, 1, 
1 1 ImagenesCaras/s22/1.pgm, 1, 
1 1 ImagenesCaras/s23/1.pgm, 1, 
1 1 ImagenesCaras/s24/1.pgm, 1, 
1 1 ImagenesCaras/s25/1.pgm, 1, 
1 1 ImagenesCaras/s26/1.pgm, 1, 
1 1 ImagenesCaras/s27/1.pgm, 1, 
1 1 ImagenesCaras/s28/1.pgm, 1, 
1 1 ImagenesCaras/s29/1.pgm, 39, 
1 1 ImagenesCaras/s30/1.pgm, 1, 
1 1 ImagenesCaras/s31/1.pgm, 1, 
1 1 ImagenesCaras/s32/1.pgm, 1, 
1 1 ImagenesCaras/s33/1.pgm, 1, 
1 1 ImagenesCaras/s34/1.pgm, 1, 
1 1 ImagenesCaras/s35/1.pgm, 1, 
1 1 ImagenesCaras/s36/1.pgm, 3, 
1 1 ImagenesCaras/s37/1.pgm, 1, 
1 1 ImagenesCaras/s38/1.pgm, 1, 
1 1 ImagenesCaras/s39/1.pgm, 1, 
1 1 ImagenesCaras/s40/1.pgm, 1, 
1 1 ImagenesCaras/s41/1.pgm, 1, 
2 1 ImagenesCaras/s1/1.pgm, 1, 
2 1 ImagenesCaras/s2/1.pgm, 1, 
2 1 ImagenesCaras/s3/1.pgm, 1, 
2 1 ImagenesCaras/s4/1.pgm, 11, 
2 1 ImagenesCaras/s5/1.pgm, 1, 
2 1 ImagenesCaras/s6/1.pgm, 1, 
2 1 ImagenesCaras/s7/1.pgm, 9, 
2 1 ImagenesCaras/s8/1.pgm, 1, 
2 1 ImagenesCaras/s9/1.pgm, 1, 
2 1 ImagenesCaras/s10/1.pgm, 1, 
2 1 ImagenesCaras/s11/1.pgm, 1, 
2 1 ImagenesCaras/s12/1.pgm, 1, 
2 1 ImagenesCaras/s13/1.pgm, 1, 
2 1 ImagenesCaras/s14/1.pgm, 1, 
2 1 ImagenesCaras/s15/1.pgm, 1, 
2 1 ImagenesCaras/s16/1.pgm, 1, 
2 1 ImagenesCaras/s17/1.pgm, 25, 
2 1 ImagenesCaras/s18/1.pgm, 1, 
2 1 ImagenesCaras/s19/1.pgm, 1, 
2 1 ImagenesCaras/s20/1.pgm, 1, 
2 1 ImagenesCaras/s21/1.pgm, 1, 
2 1 ImagenesCaras/s22/1.pgm, 1, 
2 1 ImagenesCaras/s23/1.pgm, 1, 
2 1 ImagenesCaras/s24/1.pgm, 1, 
2 1 ImagenesCaras/s25/1.pgm, 1, 
2 1 ImagenesCaras/s26/1.pgm, 1, 
2 1 ImagenesCaras/s27/1.pgm, 1, 
2 1 ImagenesCaras/s28/1.pgm, 1, 
2 1 ImagenesCaras/s29/1.pgm, 39, 
2 1 ImagenesCaras/s30/1.pgm, 1, 
2 1 ImagenesCaras/s31/1.pgm, 1, 
2 1 ImagenesCaras/s32/1.pgm, 1, 
2 1 ImagenesCaras/s33/1.pgm, 1, 
2 1 ImagenesCaras/s34/1.pgm, 1, 
2 1 ImagenesCaras/s35/1.pgm, 1, 
2 1 ImagenesCaras/s36/1.pgm, 3, 
2 1 ImagenesCaras/s37/1.pgm, 1, 
2 1 ImagenesCaras/s38/1.pgm, 1, 
2 1 ImagenesCaras/s39/1.pgm, 1, 
2 1 ImagenesCaras/s40/1.pgm, 1, 
2 1 ImagenesCaras/s41/1.pgm, 1, 
3 1 ImagenesCaras/s1/1.pgm, 1, 
3 1 ImagenesCaras/s2/1.pgm, 1, 
3 1 ImagenesCaras/s3/1.pgm, 1, 
3 1 ImagenesCaras/s4/1.pgm, 11, 
3 1 ImagenesCaras/s5/1.pgm, 1, 
3 1 ImagenesCaras/s6/1.pgm, 1, 
3 1 ImagenesCaras/s7/1.pgm, 9, 
3 1 ImagenesCaras/s8/1.pgm, 1, 
3 1 ImagenesCaras/s9/1.pgm, 1, 
3 1 ImagenesCaras/s10/1.pgm, 1, 
3 1 ImagenesCaras/s11/1.pgm, 1, 
3 1 ImagenesCaras/s12/1.pgm, 1, 
3 1 ImagenesCaras/s13/1.pgm, 1, 
3 1 ImagenesCaras/s14/1.pgm, 1, 
3 1 ImagenesCaras/s15/1.pgm, 1, 
3 1 ImagenesCaras/s16/1.pgm, 1, 
3 1 ImagenesCaras/s17/1.pgm, 25, 
3 1 ImagenesCaras/s18/1.pgm, 1, 
3 1 ImagenesCaras/s19/1.pgm, 1, 
3 1 ImagenesCaras/s20/1.pgm, 1, 
3 1 ImagenesCaras/s21/1.pgm, 1, 
3 1 ImagenesCaras/s22/1.pgm, 1, 
3 1 ImagenesCaras/s23/1.pgm, 1, 
3 1 ImagenesCaras/s24/1.pgm, 1, 
3 1 ImagenesCaras/s25/1.pgm, 1, 
3 1 ImagenesCaras/s26/1.pgm, 1, 
3 1 ImagenesCaras/s27/1.pgm, 1, 
3 1 ImagenesCaras/s28/1.pgm, 1, 
3 1 ImagenesCaras/s29/1.pgm, 39, 
3 1 ImagenesCaras/s30/1.pgm, 1, 
3 1 ImagenesCaras/s31/1.pgm, 1, 
3 1 ImagenesCaras/s32/1.pgm, 1, 
3 1 ImagenesCaras/s33/1.pgm, 1, 
3 1 ImagenesCaras/s34/1.pgm, 1, 
3 1 ImagenesCaras/s35/1.pgm, 1, 
3 1 ImagenesCaras/s36/1.pgm, 3, 
3 1 ImagenesCaras/s37/1.pgm, 1, 
3 1 ImagenesCaras/s38/1.pgm, 1, 
3 1 ImagenesCaras/s39/1.pgm, 1, 
3 1 ImagenesCaras/s40/1.pgm, 1, 
3 1 ImagenesCaras/s41/1.pgm, 1, 
5 1 ImagenesCaras/s1/1.pgm, 1, 
5 1 ImagenesCaras/s2/1.pgm, 1, 
5 1 ImagenesCaras/s3/1.pgm, 1, 
5 1 ImagenesCaras/s4/1.pgm, 11, 
5 1 ImagenesCaras/s5/1.pgm, 1, 
5 1 ImagenesCaras/s6/1.pgm, 1, 
5 1 ImagenesCaras/s7/1.pgm, 9, 
5 1 ImagenesCaras/s8/1.pgm, 1, 
5 1 ImagenesCaras/s9/1.pgm, 1, 
5 1 ImagenesCaras/s10/1.pgm, 1, 
5 1 ImagenesCaras/s11/1.pgm, 1, 
5 1 ImagenesCaras/s12/1.pgm, 1, 
5 1 ImagenesCaras/s13/1.pgm, 1, 
5 1 ImagenesCaras/s14/1.pgm, 1, 
5 1 ImagenesCaras/s15/1.pgm, 1, 
5 1 ImagenesCaras/s16/1.pgm, 1, 
5 1 ImagenesCaras/s17/1.pgm, 25, 
5 1 ImagenesCaras/s18/1.pgm, 1, 
5 1 ImagenesCaras/s19/1.pgm, 1, 
5 1 ImagenesCaras/s20/1.pgm, 1, 
5 1 ImagenesCaras/s21/1.pgm, 1, 
5 1 ImagenesCaras/s22/1.pgm, 1, 
5 1 ImagenesCaras/s23/1.pgm, 1, 
5 1 ImagenesCaras/s24/1.pgm, 1, 
5 1 ImagenesCaras/s25/1.pgm, 1, 
5 1 ImagenesCaras/s26/1.pgm, 1, 
5 1 ImagenesCaras/s27/1.pgm, 1, 
5 1 ImagenesCaras/s28/1.pgm, 1, 
5 1 ImagenesCaras/s29/1.pgm, 39, 
5 1 ImagenesCaras/s30/1.pgm, 1, 
5 1 ImagenesCaras/s31/1.pgm, 1, 
5 1 ImagenesCaras/s32/1.pgm, 1, 
5 1 ImagenesCaras/s33/1.pgm, 1, 
5 1 ImagenesCaras/s34/1.pgm, 1, 
5 1 ImagenesCaras/s35/1.pgm, 1, 
5 1 ImagenesCaras/s36/1.pgm, 3, 
5 1 ImagenesCaras/s37/1.pgm, 1, 
5 1 ImagenesCaras/s38/1.pgm, 1, 
5 1 ImagenesCaras/s39/1.pgm, 1, 
5 1 ImagenesCaras/s40/1.pgm, 1, 
5 1 ImagenesCaras/s41/1.pgm, 1, 
7 1 ImagenesCaras/s1/1.pgm, 1, 
7 1 ImagenesCaras/s2/1.pgm, 1, 
7 1 ImagenesCaras/s3/1.pgm, 1, 
7 1 ImagenesCaras/s4/1.pgm, 11, 
7 1 ImagenesCaras/s5/1.pgm, 1, 
7 1 ImagenesCaras/s6/1.pgm, 1, 
7 1 ImagenesCaras/s7/1.pgm, 9, 
7 1 ImagenesCaras/s8/1.pgm, 1, 
7 1 ImagenesCaras/s9/1.pgm, 1, 
7 1 ImagenesCaras/s10/1.pgm, 1, 
7 1 ImagenesCaras/s11/1.pgm, 1, 
7 1 ImagenesCaras/s12/1.pgm, 1, 
7 1 ImagenesCaras/s13/1.pgm, 1, 
7 1 ImagenesCaras/s14/1.pgm, 1, 
7 1 ImagenesCaras/s15/1.pgm, 1, 
7 1 ImagenesCaras/s16/1.pgm, 1, 
7 1 ImagenesCaras/s17/1.pgm, 25, 
7 1 ImagenesCaras/s18/1.pgm, 1, 
7 1 ImagenesCaras/s19/1.pgm, 1, 
7 1 ImagenesCaras/s20/1.pgm, 1, 
7 1 ImagenesCaras/s21/1.pgm, 1, 
7 1 ImagenesCaras/s22/1.pgm, 1, 
7 1 ImagenesCaras/s23/1.pgm, 1, 
7 1 ImagenesCaras/s24/1.pgm, 1, 
7 1 ImagenesCaras/s25/1.pgm, 1, 
7 1 ImagenesCaras/s26/1.pgm, 1, 
7 1 ImagenesCaras/s27/1.pgm, 1, 
7 1 ImagenesCaras/s28/1.pgm, 1, 
7 1 ImagenesCaras/s29/1.pgm, 39, 
7 1 ImagenesCaras/s30/1.pgm, 1, 
7 1 ImagenesCaras/s31/1.pgm, 1, 
7 1 ImagenesCaras/s32/1.pgm, 1, 
7 1 ImagenesCaras/s33/1.pgm, 1, 
7 1 ImagenesCaras/s34/1.pgm, 1, 
7 1 ImagenesCaras/s35/1.pgm, 1, 
7 1 ImagenesCaras/s36/1.pgm, 3, 
7 1 ImagenesCaras/s37/1.pgm, 1, 
7 1 ImagenesCaras/s38/1.pgm, 1, 
7 1 ImagenesCaras/s39/1.pgm, 1, 
7 1 ImagenesCaras/s40/1.pgm, 1, 
7 1 ImagenesCaras/s41/1.pgm, 1, 
1 2 ImagenesCaras/s1/1.pgm, 1, 
1 2 ImagenesCaras/s2/1.pgm, 1, 
1 2 ImagenesCaras/s3/1.pgm, 1, 
1 2 ImagenesCaras/s4/1.pgm, 1, 
1 2 ImagenesCaras/s5/1.pgm, 1, 
1 2 ImagenesCaras/s6/1.pgm, 1, 
1 2 ImagenesCaras/s7/1.pgm, 1, 
1 2 ImagenesCaras/s8/1.pgm, 1, 
1 2 ImagenesCaras/s9/1.pgm, 1, 
1 2 ImagenesCaras/s10/1.pgm, 1, 
1 2 ImagenesCaras/s11/1.pgm, 1, 
1 2 ImagenesCaras/s12/1.pgm, 1, 
1 2 ImagenesCaras/s13/1.pgm, 1, 
1 2 ImagenesCaras/s14/1.pgm, 1, 
1 2 ImagenesCaras/s15/1.pgm, 1, 
1 2 ImagenesCaras/s16/1.pgm, 1, 
1 2 ImagenesCaras/s17/1.pgm, 1, 
1 2 ImagenesCaras/s18/1.pgm, 1, 
1 2 ImagenesCaras/s19/1.pgm, 1, 
1 2 ImagenesCaras/s20/1.pgm, 1, 
1 2 ImagenesCaras/s21/1.pgm, 1, 
1 2 ImagenesCaras/s22/1.pgm, 1, 
1 2 ImagenesCaras/s23/1.pgm, 1, 
1 2 ImagenesCaras/s24/1.pgm, 1, 
1 2 ImagenesCaras/s25/1.pgm, 1, 
1 2 ImagenesCaras/s26/1.pgm, 1, 
1 2 ImagenesCaras/s27/1.pgm, 1, 
1 2 ImagenesCaras/s28/1.pgm, 1, 
1 2 ImagenesCaras/s29/1.pgm, 1, 
1 2 ImagenesCaras/s30/1.pgm, 1, 
1 2 ImagenesCaras/s31/1.pgm, 1, 
1 2 ImagenesCaras/s32/1.pgm, 1, 
1 2 ImagenesCaras/s33/1.pgm, 1, 
1 2 ImagenesCaras/s34/1.pgm, 1, 
1 2 ImagenesCaras/s35/1.pgm, 1, 
1 2 ImagenesCaras/s36/1.pgm, 1, 
1 2 ImagenesCaras/s37/1.pgm, 1, 
1 2 ImagenesCaras/s38/1.pgm, 1, 
1 2 ImagenesCaras/s39/1.pgm, 1, 
1 2 ImagenesCaras/s40/1.pgm, 1, 
1 2 ImagenesCaras/s41/1.pgm, 1, 
2 2 ImagenesCaras/s1/1.pgm, 1, 
2 2 ImagenesCaras/s2/1.pgm, 1, 
2 2 ImagenesCaras/s3/1.pgm, 1, 
2 2 ImagenesCaras/s4/1.pgm, 1, 
2 2 ImagenesCaras/s5/1.pgm, 1, 
2 2 ImagenesCaras/s6/1.pgm, 1, 
2 2 ImagenesCaras/s7/1.pgm, 1, 
2 2 ImagenesCaras/s8/1.pgm, 1, 
2 2 ImagenesCaras/s9/1.pgm, 1, 
2 2 ImagenesCaras/s10/1.pgm, 1, 
2 2 ImagenesCaras/s11/1.pgm, 1, 
2 2 ImagenesCaras/s12/1.pgm, 1, 
2 2 ImagenesCaras/s13/1.pgm, 1, 
2 2 ImagenesCaras/s14/1.pgm, 1, 
2 2 ImagenesCaras/s15/1.pgm, 1, 
2 2 ImagenesCaras/s16/1.pgm, 1, 
2 2 ImagenesCaras/s17/1.pgm, 1, 
2 2 ImagenesCaras/s18/1.pgm, 1, 
2 2 ImagenesCaras/s19/1.pgm, 1, 
2 2 ImagenesCaras/s20/1.pgm, 1, 
2 2 ImagenesCaras/s21/1.pgm, 1, 
2 2 ImagenesCaras/s22/1.pgm, 1, 
2 2 ImagenesCaras/s23/1.pgm, 1, 
2 2 ImagenesCaras/s24/1.pgm, 1, 
2 2 ImagenesCaras/s25/1.pgm, 1, 
2 2 ImagenesCaras/s26/1.pgm, 1, 
2 2 ImagenesCaras/s27/1.pgm, 1, 
2 2 ImagenesCaras/s28/1.pgm, 1, 
2 2 ImagenesCaras/s29/1.pgm, 1, 
2 2 ImagenesCaras/s30/1.pgm, 1, 
2 2 ImagenesCaras/s31/1.pgm, 1, 
2 2 ImagenesCaras/s32/1.pgm, 1, 
2 2 ImagenesCaras/s33/1.pgm, 1, 
2 2 ImagenesCaras/s34/1.pgm, 1, 
2 2 ImagenesCaras/s35/1.pgm, 1, 
2 2 ImagenesCaras/s36/1.pgm, 1, 
2 2 ImagenesCaras/s37/1.pgm, 1, 
2 2 ImagenesCaras/s38/1.pgm, 1, 
2 2 ImagenesCaras/s39/1.pgm, 1, 
2 2 ImagenesCaras/s40/1.pgm, 1, 
2 2 ImagenesCaras/s41/1.pgm, 1, 
3 2 ImagenesCaras/s1/1.pgm, 1, 
3 2 ImagenesCaras/s2/1.pgm, 1, 
3 2 ImagenesCaras/s3/1.pgm, 1, 
3 2 ImagenesCaras/s4/1.pgm, 1, 
3 2 ImagenesCaras/s5/1.pgm, 1, 
3 2 ImagenesCaras/s6/1.pgm, 1, 
3 2 ImagenesCaras/s7/1.pgm, 1, 
3 2 ImagenesCaras/s8/1.pgm, 1, 
3 2 ImagenesCaras/s9/1.pgm, 1, 
3 2 ImagenesCaras/s10/1.pgm, 1, 
3 2 ImagenesCaras/s11/1.pgm, 1, 
3 2 ImagenesCaras/s12/1.pgm, 1, 
3 2 ImagenesCaras/s13/1.pgm, 1, 
3 2 ImagenesCaras/s14/1.pgm, 1, 
3 2 ImagenesCaras/s15/1.pgm, 1, 
3 2 ImagenesCaras/s16/1.pgm, 1, 
3 2 ImagenesCaras/s17/1.pgm, 1, 
3 2 ImagenesCaras/s18/1.pgm, 1, 
3 2 ImagenesCaras/s19/1.pgm, 1, 
3 2 ImagenesCaras/s20/1.pgm, 1, 
3 2 ImagenesCaras/s21/1.pgm, 1, 
3 2 ImagenesCaras/s22/1.pgm, 1, 
3 2 ImagenesCaras/s23/1.pgm, 1, 
3 2 ImagenesCaras/s24/1.pgm, 1, 
3 2 ImagenesCaras/s25/1.pgm, 1, 
3 2 ImagenesCaras/s26/1.pgm, 1, 
3 2 ImagenesCaras/s27/1.pgm, 1, 
3 2 ImagenesCaras/s28/1.pgm, 1, 
3 2 ImagenesCaras/s29/1.pgm, 1, 
3 2 ImagenesCaras/s30/1.pgm, 1, 
3 2 ImagenesCaras/s31/1.pgm, 1, 
3 2 ImagenesCaras/s32/1.pgm, 1, 
3 2 ImagenesCaras/s33/1.pgm, 1, 
3 2 ImagenesCaras/s34/1.pgm, 1, 
3 2 ImagenesCaras/s35/1.pgm, 1, 
3 2 ImagenesCaras/s36/1.pgm, 1, 
3 2 ImagenesCaras/s37/1.pgm, 1, 
3 2 ImagenesCaras/s38/1.pgm, 1, 
3 2 ImagenesCaras/s39/1.pgm, 1, 
3 2 ImagenesCaras/s40/1.pgm, 1, 
3 2 ImagenesCaras/s41/1.pgm, 1, 
5 2 ImagenesCaras/s1/1.pgm, 1, 
5 2 ImagenesCaras/s2/1.pgm, 1, 
5 2 ImagenesCaras/s3/1.pgm, 1, 
5 2 ImagenesCaras/s4/1.pgm, 1, 
5 2 ImagenesCaras/s5/1.pgm, 1, 
5 2 ImagenesCaras/s6/1.pgm, 1, 
5 2 ImagenesCaras/s7/1.pgm, 1, 
5 2 ImagenesCaras/s8/1.pgm, 1, 
5 2 ImagenesCaras/s9/1.pgm, 1, 
5 2 ImagenesCaras/s10/1.pgm, 1, 
5 2 ImagenesCaras/s11/1.pgm, 1, 
5 2 ImagenesCaras/s12/1.pgm, 1, 
5 2 ImagenesCaras/s13/1.pgm, 1, 
5 2 ImagenesCaras/s14/1.pgm, 1, 
5 2 ImagenesCaras/s15/1.pgm, 1, 
5 2 ImagenesCaras/s16/1.pgm, 1, 
5 2 ImagenesCaras/s17/1.pgm, 1, 
5 2 ImagenesCaras/s18/1.pgm, 1, 
5 2 ImagenesCaras/s19/1.pgm, 1, 
5 2 ImagenesCaras/s20/1.pgm, 1, 
5 2 ImagenesCaras/s21/1.pgm, 1, 
5 2 ImagenesCaras/s22/1.pgm, 1, 
5 2 ImagenesCaras/s23/1.pgm, 1, 
5 2 ImagenesCaras/s24/1.pgm, 1, 
5 2 ImagenesCaras/s25/1.pgm, 1, 
5 2 ImagenesCaras/s26/1.pgm, 1, 
5 2 ImagenesCaras/s27/1.pgm, 1, 
5 2 ImagenesCaras/s28/1.pgm, 1, 
5 2 ImagenesCaras/s29/1.pgm, 1, 
5 2 ImagenesCaras/s30/1.pgm, 1, 
5 2 ImagenesCaras/s31/1.pgm, 1, 
5 2 ImagenesCaras/s32/1.pgm, 1, 
5 2 ImagenesCaras/s33/1.pgm, 1, 
5 2 ImagenesCaras/s34/1.pgm, 1, 
5 2 ImagenesCaras/s35/1.pgm, 1, 
5 2 ImagenesCaras/s36/1.pgm, 1, 
5 2 ImagenesCaras/s37/1.pgm, 1, 
5 2 ImagenesCaras/s38/1.pgm, 1, 
5 2 ImagenesCaras/s39/1.pgm, 1, 
5 2 ImagenesCaras/s40/1.pgm, 1, 
5 2 ImagenesCaras/s41/1.pgm, 1, 
7 2 ImagenesCaras/s1/1.pgm, 1, 
7 2 ImagenesCaras/s2/1.pgm, 1, 
7 2 ImagenesCaras/s3/1.pgm, 1, 
7 2 ImagenesCaras/s4/1.pgm, 1, 
7 2 ImagenesCaras/s5/1.pgm, 1, 
7 2 ImagenesCaras/s6/1.pgm, 1, 
7 2 ImagenesCaras/s7/1.pgm, 1, 
7 2 ImagenesCaras/s8/1.pgm, 1, 
7 2 ImagenesCaras/s9/1.pgm, 1, 
7 2 ImagenesCaras/s10/1.pgm, 1, 
7 2 ImagenesCaras/s11/1.pgm, 1, 
7 2 ImagenesCaras/s12/1.pgm, 1, 
7 2 ImagenesCaras/s13/1.pgm, 1, 
7 2 ImagenesCaras/s14/1.pgm, 1, 
7 2 ImagenesCaras/s15/1.pgm, 1, 
7 2 ImagenesCaras/s16/1.pgm, 1, 
7 2 ImagenesCaras/s17/1.pgm, 1, 
7 2 ImagenesCaras/s18/1.pgm, 1, 
7 2 ImagenesCaras/s19/1.pgm, 1, 
7 2 ImagenesCaras/s20/1.pgm, 1, 
7 2 ImagenesCaras/s21/1.pgm, 1, 
7 2 ImagenesCaras/s22/1.pgm, 1, 
7 2 ImagenesCaras/s23/1.pgm, 1, 
7 2 ImagenesCaras/s24/1.pgm, 1, 
7 2 ImagenesCaras/s25/1.pgm, 1, 
7 2 ImagenesCaras/s26/1.pgm, 1, 
7 2 ImagenesCaras/s27/1.pgm, 1, 
7 2 ImagenesCaras/s28/1.pgm, 1, 
7 2 ImagenesCaras/s29/1.pgm, 1, 
7 2 ImagenesCaras/s30/1.pgm, 1, 
7 2 ImagenesCaras/s31/1.pgm, 1, 
7 2 ImagenesCaras/s32/1.pgm, 1, 
7 2 ImagenesCaras/s33/1.pgm, 1, 
7 2 ImagenesCaras/s34/1.pgm, 1, 
7 2 ImagenesCaras/s35/1.pgm, 1, 
7 2 ImagenesCaras/s36/1.pgm, 1, 
7 2 ImagenesCaras/s37/1.pgm, 1, 
7 2 ImagenesCaras/s38/1.pgm, 1, 
7 2 ImagenesCaras/s39/1.pgm, 1, 
7 2 ImagenesCaras/s40/1.pgm, 1, 
7 2 ImagenesCaras/s41/1.pgm, 1, 
1 5 ImagenesCaras/s1/1.pgm, 1, 
1 5 ImagenesCaras/s2/1.pgm, 1, 
1 5 ImagenesCaras/s3/1.pgm, 1, 
1 5 ImagenesCaras/s4/1.pgm, 1, 
1 5 ImagenesCaras/s5/1.pgm, 1, 
1 5 ImagenesCaras/s6/1.pgm, 1, 
1 5 ImagenesCaras/s7/1.pgm, 1, 
1 5 ImagenesCaras/s8/1.pgm, 1, 
1 5 ImagenesCaras/s9/1.pgm, 1, 
1 5 ImagenesCaras/s10/1.pgm, 1, 
1 5 ImagenesCaras/s11/1.pgm, 1, 
1 5 ImagenesCaras/s12/1.pgm, 1, 
1 5 ImagenesCaras/s13/1.pgm, 1, 
1 5 ImagenesCaras/s14/1.pgm, 1, 
1 5 ImagenesCaras/s15/1.pgm, 1, 
1 5 ImagenesCaras/s16/1.pgm, 1, 
1 5 ImagenesCaras/s17/1.pgm, 1, 
1 5 ImagenesCaras/s18/1.pgm, 1, 
1 5 ImagenesCaras/s19/1.pgm, 1, 
1 5 ImagenesCaras/s20/1.pgm, 1, 
1 5 ImagenesCaras/s21/1.pgm, 1, 
1 5 ImagenesCaras/s22/1.pgm, 1, 
1 5 ImagenesCaras/s23/1.pgm, 1, 
1 5 ImagenesCaras/s24/1.pgm, 1, 
1 5 ImagenesCaras/s25/1.pgm, 1, 
1 5 ImagenesCaras/s26/1.pgm, 1, 
1 5 ImagenesCaras/s27/1.pgm, 1, 
1 5 ImagenesCaras/s28/1.pgm, 1, 
1 5 ImagenesCaras/s29/1.pgm, 1, 
1 5 ImagenesCaras/s30/1.pgm, 1, 
1 5 ImagenesCaras/s31/1.pgm, 1, 
1 5 ImagenesCaras/s32/1.pgm, 1, 
1 5 ImagenesCaras/s33/1.pgm, 1, 
1 5 ImagenesCaras/s34/1.pgm, 1, 
1 5 ImagenesCaras/s35/1.pgm, 1, 
1 5 ImagenesCaras/s36/1.pgm, 1, 
1 5 ImagenesCaras/s37/1.pgm, 1, 
1 5 ImagenesCaras/s38/1.pgm, 1, 
1 5 ImagenesCaras/s39/1.pgm, 1, 
1 5 ImagenesCaras/s40/1.pgm, 1, 
1 5 ImagenesCaras/s41/1.pgm, 1, 
2 5 ImagenesCaras/s1/1.pgm, 1, 
2 5 ImagenesCaras/s2/1.pgm, 1, 
2 5 ImagenesCaras/s3/1.pgm, 1, 
2 5 ImagenesCaras/s4/1.pgm, 1, 
2 5 ImagenesCaras/s5/1.pgm, 1, 
2 5 ImagenesCaras/s6/1.pgm, 1, 
2 5 ImagenesCaras/s7/1.pgm, 1, 
2 5 ImagenesCaras/s8/1.pgm, 1, 
2 5 ImagenesCaras/s9/1.pgm, 1, 
2 5 ImagenesCaras/s10/1.pgm, 1, 
2 5 ImagenesCaras/s11/1.pgm, 1, 
2 5 ImagenesCaras/s12/1.pgm, 1, 
2 5 ImagenesCaras/s13/1.pgm, 1, 
2 5 ImagenesCaras/s14/1.pgm, 1, 
2 5 ImagenesCaras/s15/1.pgm, 1, 
2 5 ImagenesCaras/s16/1.pgm, 1, 
2 5 ImagenesCaras/s17/1.pgm, 1, 
2 5 ImagenesCaras/s18/1.pgm, 1, 
2 5 ImagenesCaras/s19/1.pgm, 1, 
2 5 ImagenesCaras/s20/1.pgm, 1, 
2 5 ImagenesCaras/s21/1.pgm, 1, 
2 5 ImagenesCaras/s22/1.pgm, 1, 
2 5 ImagenesCaras/s23/1.pgm, 1, 
2 5 ImagenesCaras/s24/1.pgm, 1, 
2 5 ImagenesCaras/s25/1.pgm, 1, 
2 5 ImagenesCaras/s26/1.pgm, 1, 
2 5 ImagenesCaras/s27/1.pgm, 1, 
2 5 ImagenesCaras/s28/1.pgm, 1, 
2 5 ImagenesCaras/s29/1.pgm, 1, 
2 5 ImagenesCaras/s30/1.pgm, 1, 
2 5 ImagenesCaras/s31/1.pgm, 1, 
2 5 ImagenesCaras/s32/1.pgm, 1, 
2 5 ImagenesCaras/s33/1.pgm, 1, 
2 5 ImagenesCaras/s34/1.pgm, 1, 
2 5 ImagenesCaras/s35/1.pgm, 1, 
2 5 ImagenesCaras/s36/1.pgm, 1, 
2 5 ImagenesCaras/s37/1.pgm, 1, 
2 5 ImagenesCaras/s38/1.pgm, 1, 
2 5 ImagenesCaras/s39/1.pgm, 1, 
2 5 ImagenesCaras/s40/1.pgm, 1, 
2 5 ImagenesCaras/s41/1.pgm, 1, 
3 5 ImagenesCaras/s1/1.pgm, 1, 
3 5 ImagenesCaras/s2/1.pgm, 1, 
3 5 ImagenesCaras/s3/1.pgm, 1, 
3 5 ImagenesCaras/s4/1.pgm, 1, 
3 5 ImagenesCaras/s5/1.pgm, 1, 
3 5 ImagenesCaras/s6/1.pgm, 1, 
3 5 ImagenesCaras/s7/1.pgm, 1, 
3 5 ImagenesCaras/s8/1.pgm, 1, 
3 5 ImagenesCaras/s9/1.pgm, 1, 
3 5 ImagenesCaras/s10/1.pgm, 1, 
3 5 ImagenesCaras/s11/1.pgm, 1, 
3 5 ImagenesCaras/s12/1.pgm, 1, 
3 5 ImagenesCaras/s13/1.pgm, 1, 
3 5 ImagenesCaras/s14/1.pgm, 1, 
3 5 ImagenesCaras/s15/1.pgm, 1, 
3 5 ImagenesCaras/s16/1.pgm, 1, 
3 5 ImagenesCaras/s17/1.pgm, 1, 
3 5 ImagenesCaras/s18/1.pgm, 1, 
3 5 ImagenesCaras/s19/1.pgm, 1, 
3 5 ImagenesCaras/s20/1.pgm, 1, 
3 5 ImagenesCaras/s21/1.pgm, 1, 
3 5 ImagenesCaras/s22/1.pgm, 1, 
3 5 ImagenesCaras/s23/1.pgm, 1, 
3 5 ImagenesCaras/s24/1.pgm, 1, 
3 5 ImagenesCaras/s25/1.pgm, 1, 
3 5 ImagenesCaras/s26/1.pgm, 1, 
3 5 ImagenesCaras/s27/1.pgm, 1, 
3 5 ImagenesCaras/s28/1.pgm, 1, 
3 5 ImagenesCaras/s29/1.pgm, 1, 
3 5 ImagenesCaras/s30/1.pgm, 1, 
3 5 ImagenesCaras/s31/1.pgm, 1, 
3 5 ImagenesCaras/s32/1.pgm, 1, 
3 5 ImagenesCaras/s33/1.pgm, 1, 
3 5 ImagenesCaras/s34/1.pgm, 1, 
3 5 ImagenesCaras/s35/1.pgm, 1, 
3 5 ImagenesCaras/s36/1.pgm, 1, 
3 5 ImagenesCaras/s37/1.pgm, 1, 
3 5 ImagenesCaras/s38/1.pgm, 1, 
3 5 ImagenesCaras/s39/1.pgm, 1, 
3 5 ImagenesCaras/s40/1.pgm, 1, 
3 5 ImagenesCaras/s41/1.pgm, 1, 
5 5 ImagenesCaras/s1/1.pgm, 1, 
5 5 ImagenesCaras/s2/1.pgm, 1, 
5 5 ImagenesCaras/s3/1.pgm, 1, 
5 5 ImagenesCaras/s4/1.pgm, 1, 
5 5 ImagenesCaras/s5/1.pgm, 1, 
5 5 ImagenesCaras/s6/1.pgm, 1, 
5 5 ImagenesCaras/s7/1.pgm, 1, 
5 5 ImagenesCaras/s8/1.pgm, 1, 
5 5 ImagenesCaras/s9/1.pgm, 1, 
5 5 ImagenesCaras/s10/1.pgm, 1, 
5 5 ImagenesCaras/s11/1.pgm, 1, 
5 5 ImagenesCaras/s12/1.pgm, 1, 
5 5 ImagenesCaras/s13/1.pgm, 1, 
5 5 ImagenesCaras/s14/1.pgm, 1, 
5 5 ImagenesCaras/s15/1.pgm, 1, 
5 5 ImagenesCaras/s16/1.pgm, 1, 
5 5 ImagenesCaras/s17/1.pgm, 1, 
5 5 ImagenesCaras/s18/1.pgm, 1, 
5 5 ImagenesCaras/s19/1.pgm, 1, 
5 5 ImagenesCaras/s20/1.pgm, 1, 
5 5 ImagenesCaras/s21/1.pgm, 1, 
5 5 ImagenesCaras/s22/1.pgm, 1, 
5 5 ImagenesCaras/s23/1.pgm, 1, 
5 5 ImagenesCaras/s24/1.pgm, 1, 
5 5 ImagenesCaras/s25/1.pgm, 1, 
5 5 ImagenesCaras/s26/1.pgm, 1, 
5 5 ImagenesCaras/s27/1.pgm, 1, 
5 5 ImagenesCaras/s28/1.pgm, 1, 
5 5 ImagenesCaras/s29/1.pgm, 1, 
5 5 ImagenesCaras/s30/1.pgm, 1, 
5 5 ImagenesCaras/s31/1.pgm, 1, 
5 5 ImagenesCaras/s32/1.pgm, 1, 
5 5 ImagenesCaras/s33/1.pgm, 1, 
5 5 ImagenesCaras/s34/1.pgm, 1, 
5 5 ImagenesCaras/s35/1.pgm, 1, 
5 5 ImagenesCaras/s36/1.pgm, 1, 
5 5 ImagenesCaras/s37/1.pgm, 1, 
5 5 ImagenesCaras/s38/1.pgm, 1, 
5 5 ImagenesCaras/s39/1.pgm, 1, 
5 5 ImagenesCaras/s40/1.pgm, 1, 
5 5 ImagenesCaras/s41/1.pgm, 1, 
7 5 ImagenesCaras/s1/1.pgm, 1, 
7 5 ImagenesCaras/s2/1.pgm, 1, 
7 5 ImagenesCaras/s3/1.pgm, 1, 
7 5 ImagenesCaras/s4/1.pgm, 1, 
7 5 ImagenesCaras/s5/1.pgm, 1, 
7 5 ImagenesCaras/s6/1.pgm, 1, 
7 5 ImagenesCaras/s7/1.pgm, 1, 
7 5 ImagenesCaras/s8/1.pgm, 1, 
7 5 ImagenesCaras/s9/1.pgm, 1, 
7 5 ImagenesCaras/s10/1.pgm, 1, 
7 5 ImagenesCaras/s11/1.pgm, 1, 
7 5 ImagenesCaras/s12/1.pgm, 1, 
7 5 ImagenesCaras/s13/1.pgm, 1, 
7 5 ImagenesCaras/s14/1.pgm, 1, 
7 5 ImagenesCaras/s15/1.pgm, 1, 
7 5 ImagenesCaras/s16/1.pgm, 1, 
7 5 ImagenesCaras/s17/1.pgm, 1, 
7 5 ImagenesCaras/s18/1.pgm, 1, 
7 5 ImagenesCaras/s19/1.pgm, 1, 
7 5 ImagenesCaras/s20/1.pgm, 1, 
7 5 ImagenesCaras/s21/1.pgm, 1, 
7 5 ImagenesCaras/s22/1.pgm, 1, 
7 5 ImagenesCaras/s23/1.pgm, 1, 
7 5 ImagenesCaras/s24/1.pgm, 1, 
7 5 ImagenesCaras/s25/1.pgm, 1, 
7 5 ImagenesCaras/s26/1.pgm, 1, 
7 5 ImagenesCaras/s27/1.pgm, 1, 
7 5 ImagenesCaras/s28/1.pgm, 1, 
7 5 ImagenesCaras/s29/1.pgm, 1, 
7 5 ImagenesCaras/s30/1.pgm, 1, 
7 5 ImagenesCaras/s31/1.pgm, 1, 
7 5 ImagenesCaras/s32/1.pgm, 1, 
7 5 ImagenesCaras/s33/1.pgm, 1, 
7 5 ImagenesCaras/s34/1.pgm, 1, 
7 5 ImagenesCaras/s35/1.pgm, 1, 
7 5 ImagenesCaras/s36/1.pgm, 1, 
7 5 ImagenesCaras/s37/1.pgm, 1, 
7 5 ImagenesCaras/s38/1.pgm, 1, 
7 5 ImagenesCaras/s39/1.pgm, 1, 
7 5 ImagenesCaras/s40/1.pgm, 1, 
7 5 ImagenesCaras/s41/1.pgm, 1, 
1 7 ImagenesCaras/s1/1.pgm, 1, 
1 7 ImagenesCaras/s2/1.pgm, 1, 
1 7 ImagenesCaras/s3/1.pgm, 1, 
1 7 ImagenesCaras/s4/1.pgm, 1, 
1 7 ImagenesCaras/s5/1.pgm, 1, 
1 7 ImagenesCaras/s6/1.pgm, 1, 
1 7 ImagenesCaras/s7/1.pgm, 1, 
1 7 ImagenesCaras/s8/1.pgm, 1, 
1 7 ImagenesCaras/s9/1.pgm, 1, 
1 7 ImagenesCaras/s10/1.pgm, 1, 
1 7 ImagenesCaras/s11/1.pgm, 1, 
1 7 ImagenesCaras/s12/1.pgm, 1, 
1 7 ImagenesCaras/s13/1.pgm, 1, 
1 7 ImagenesCaras/s14/1.pgm, 1, 
1 7 ImagenesCaras/s15/1.pgm, 1, 
1 7 ImagenesCaras/s16/1.pgm, 1, 
1 7 ImagenesCaras/s17/1.pgm, 1, 
1 7 ImagenesCaras/s18/1.pgm, 1, 
1 7 ImagenesCaras/s19/1.pgm, 1, 
1 7 ImagenesCaras/s20/1.pgm, 1, 
1 7 ImagenesCaras/s21/1.pgm, 1, 
1 7 ImagenesCaras/s22/1.pgm, 1, 
1 7 ImagenesCaras/s23/1.pgm, 1, 
1 7 ImagenesCaras/s24/1.pgm, 1, 
1 7 ImagenesCaras/s25/1.pgm, 1, 
1 7 ImagenesCaras/s26/1.pgm, 1, 
1 7 ImagenesCaras/s27/1.pgm, 1, 
1 7 ImagenesCaras/s28/1.pgm, 1, 
1 7 ImagenesCaras/s29/1.pgm, 1, 
1 7 ImagenesCaras/s30/1.pgm, 1, 
1 7 ImagenesCaras/s31/1.pgm, 1, 
1 7 ImagenesCaras/s32/1.pgm, 1, 
1 7 ImagenesCaras/s33/1.pgm, 1, 
1 7 ImagenesCaras/s34/1.pgm, 1, 
1 7 ImagenesCaras/s35/1.pgm, 1, 
1 7 ImagenesCaras/s36/1.pgm, 1, 
1 7 ImagenesCaras/s37/1.pgm, 1, 
1 7 ImagenesCaras/s38/1.pgm, 1, 
1 7 ImagenesCaras/s39/1.pgm, 1, 
1 7 ImagenesCaras/s40/1.pgm, 1, 
1 7 ImagenesCaras/s41/1.pgm, 1, 
2 7 ImagenesCaras/s1/1.pgm, 1, 
2 7 ImagenesCaras/s2/1.pgm, 1, 
2 7 ImagenesCaras/s3/1.pgm, 1, 
2 7 ImagenesCaras/s4/1.pgm, 1, 
2 7 ImagenesCaras/s5/1.pgm, 1, 
2 7 ImagenesCaras/s6/1.pgm, 1, 
2 7 ImagenesCaras/s7/1.pgm, 1, 
2 7 ImagenesCaras/s8/1.pgm, 1, 
2 7 ImagenesCaras/s9/1.pgm, 1, 
2 7 ImagenesCaras/s10/1.pgm, 1, 
2 7 ImagenesCaras/s11/1.pgm, 1, 
2 7 ImagenesCaras/s12/1.pgm, 1, 
2 7 ImagenesCaras/s13/1.pgm, 1, 
2 7 ImagenesCaras/s14/1.pgm, 1, 
2 7 ImagenesCaras/s15/1.pgm, 1, 
2 7 ImagenesCaras/s16/1.pgm, 1, 
2 7 ImagenesCaras/s17/1.pgm, 1, 
2 7 ImagenesCaras/s18/1.pgm, 1, 
2 7 ImagenesCaras/s19/1.pgm, 1, 
2 7 ImagenesCaras/s20/1.pgm, 1, 
2 7 ImagenesCaras/s21/1.pgm, 1, 
2 7 ImagenesCaras/s22/1.pgm, 1, 
2 7 ImagenesCaras/s23/1.pgm, 1, 
2 7 ImagenesCaras/s24/1.pgm, 1, 
2 7 ImagenesCaras/s25/1.pgm, 1, 
2 7 ImagenesCaras/s26/1.pgm, 1, 
2 7 ImagenesCaras/s27/1.pgm, 1, 
2 7 ImagenesCaras/s28/1.pgm, 1, 
2 7 ImagenesCaras/s29/1.pgm, 1, 
2 7 ImagenesCaras/s30/1.pgm, 1, 
2 7 ImagenesCaras/s31/1.pgm, 1, 
2 7 ImagenesCaras/s32/1.pgm, 1, 
2 7 ImagenesCaras/s33/1.pgm, 1, 
2 7 ImagenesCaras/s34/1.pgm, 1, 
2 7 ImagenesCaras/s35/1.pgm, 1, 
2 7 ImagenesCaras/s36/1.pgm, 1, 
2 7 ImagenesCaras/s37/1.pgm, 1, 
2 7 ImagenesCaras/s38/1.pgm, 1, 
2 7 ImagenesCaras/s39/1.pgm, 1, 
2 7 ImagenesCaras/s40/1.pgm, 1, 
2 7 ImagenesCaras/s41/1.pgm, 1, 
3 7 ImagenesCaras/s1/1.pgm, 1, 
3 7 ImagenesCaras/s2/1.pgm, 1, 
3 7 ImagenesCaras/s3/1.pgm, 1, 
3 7 ImagenesCaras/s4/1.pgm, 1, 
3 7 ImagenesCaras/s5/1.pgm, 1, 
3 7 ImagenesCaras/s6/1.pgm, 1, 
3 7 ImagenesCaras/s7/1.pgm, 1, 
3 7 ImagenesCaras/s8/1.pgm, 1, 
3 7 ImagenesCaras/s9/1.pgm, 1, 
3 7 ImagenesCaras/s10/1.pgm, 1, 
3 7 ImagenesCaras/s11/1.pgm, 1, 
3 7 ImagenesCaras/s12/1.pgm, 1, 
3 7 ImagenesCaras/s13/1.pgm, 1, 
3 7 ImagenesCaras/s14/1.pgm, 1, 
3 7 ImagenesCaras/s15/1.pgm, 1, 
3 7 ImagenesCaras/s16/1.pgm, 1, 
3 7 ImagenesCaras/s17/1.pgm, 1, 
3 7 ImagenesCaras/s18/1.pgm, 1, 
3 7 ImagenesCaras/s19/1.pgm, 1, 
3 7 ImagenesCaras/s20/1.pgm, 1, 
3 7 ImagenesCaras/s21/1.pgm, 1, 
3 7 ImagenesCaras/s22/1.pgm, 1, 
3 7 ImagenesCaras/s23/1.pgm, 1, 
3 7 ImagenesCaras/s24/1.pgm, 1, 
3 7 ImagenesCaras/s25/1.pgm, 1, 
3 7 ImagenesCaras/s26/1.pgm, 1, 
3 7 ImagenesCaras/s27/1.pgm, 1, 
3 7 ImagenesCaras/s28/1.pgm, 1, 
3 7 ImagenesCaras/s29/1.pgm, 1, 
3 7 ImagenesCaras/s30/1.pgm, 1, 
3 7 ImagenesCaras/s31/1.pgm, 1, 
3 7 ImagenesCaras/s32/1.pgm, 1, 
3 7 ImagenesCaras/s33/1.pgm, 1, 
3 7 ImagenesCaras/s34/1.pgm, 1, 
3 7 ImagenesCaras/s35/1.pgm, 1, 
3 7 ImagenesCaras/s36/1.pgm, 1, 
3 7 ImagenesCaras/s37/1.pgm, 1, 
3 7 ImagenesCaras/s38/1.pgm, 1, 
3 7 ImagenesCaras/s39/1.pgm, 1, 
3 7 ImagenesCaras/s40/1.pgm, 1, 
3 7 ImagenesCaras/s41/1.pgm, 1, 
5 7 ImagenesCaras/s1/1.pgm, 1, 
5 7 ImagenesCaras/s2/1.pgm, 1, 
5 7 ImagenesCaras/s3/1.pgm, 1, 
5 7 ImagenesCaras/s4/1.pgm, 1, 
5 7 ImagenesCaras/s5/1.pgm, 1, 
5 7 ImagenesCaras/s6/1.pgm, 1, 
5 7 ImagenesCaras/s7/1.pgm, 1, 
5 7 ImagenesCaras/s8/1.pgm, 1, 
5 7 ImagenesCaras/s9/1.pgm, 1, 
5 7 ImagenesCaras/s10/1.pgm, 1, 
5 7 ImagenesCaras/s11/1.pgm, 1, 
5 7 ImagenesCaras/s12/1.pgm, 1, 
5 7 ImagenesCaras/s13/1.pgm, 1, 
5 7 ImagenesCaras/s14/1.pgm, 1, 
5 7 ImagenesCaras/s15/1.pgm, 1, 
5 7 ImagenesCaras/s16/1.pgm, 1, 
5 7 ImagenesCaras/s17/1.pgm, 1, 
5 7 ImagenesCaras/s18/1.pgm, 1, 
5 7 ImagenesCaras/s19/1.pgm, 1, 
5 7 ImagenesCaras/s20/1.pgm, 1, 
5 7 ImagenesCaras/s21/1.pgm, 1, 
5 7 ImagenesCaras/s22/1.pgm, 1, 
5 7 ImagenesCaras/s23/1.pgm, 1, 
5 7 ImagenesCaras/s24/1.pgm, 1, 
5 7 ImagenesCaras/s25/1.pgm, 1, 
5 7 ImagenesCaras/s26/1.pgm, 1, 
5 7 ImagenesCaras/s27/1.pgm, 1, 
5 7 ImagenesCaras/s28/1.pgm, 1, 
5 7 ImagenesCaras/s29/1.pgm, 1, 
5 7 ImagenesCaras/s30/1.pgm, 1, 
5 7 ImagenesCaras/s31/1.pgm, 1, 
5 7 ImagenesCaras/s32/1.pgm, 1, 
5 7 ImagenesCaras/s33/1.pgm, 1, 
5 7 ImagenesCaras/s34/1.pgm, 1, 
5 7 ImagenesCaras/s35/1.pgm, 1, 
5 7 ImagenesCaras/s36/1.pgm, 1, 
5 7 ImagenesCaras/s37/1.pgm, 1, 
5 7 ImagenesCaras/s38/1.pgm, 1, 
5 7 ImagenesCaras/s39/1.pgm, 1, 
5 7 ImagenesCaras/s40/1.pgm, 1, 
5 7 ImagenesCaras/s41/1.pgm, 1, 
7 7 ImagenesCaras/s1/1.pgm, 1, 
7 7 ImagenesCaras/s2/1.pgm, 1, 
7 7 ImagenesCaras/s3/1.pgm, 1, 
7 7 ImagenesCaras/s4/1.pgm, 1, 
7 7 ImagenesCaras/s5/1.pgm, 1, 
7 7 ImagenesCaras/s6/1.pgm, 1, 
7 7 ImagenesCaras/s7/1.pgm, 1, 
7 7 ImagenesCaras/s8/1.pgm, 1, 
7 7 ImagenesCaras/s9/1.pgm, 1, 
7 7 ImagenesCaras/s10/1.pgm, 1, 
7 7 ImagenesCaras/s11/1.pgm, 1, 
7 7 ImagenesCaras/s12/1.pgm, 1, 
7 7 ImagenesCaras/s13/1.pgm, 1, 
7 7 ImagenesCaras/s14/1.pgm, 1, 
7 7 ImagenesCaras/s15/1.pgm, 1, 
7 7 ImagenesCaras/s16/1.pgm, 1, 
7 7 ImagenesCaras/s17/1.pgm, 1, 
7 7 ImagenesCaras/s18/1.pgm, 1, 
7 7 ImagenesCaras/s19/1.pgm, 1, 
7 7 ImagenesCaras/s20/1.pgm, 1, 
7 7 ImagenesCaras/s21/1.pgm, 1, 
7 7 ImagenesCaras/s22/1.pgm, 1, 
7 7 ImagenesCaras/s23/1.pgm, 1, 
7 7 ImagenesCaras/s24/1.pgm, 1, 
7 7 ImagenesCaras/s25/1.pgm, 1, 
7 7 ImagenesCaras/s26/1.pgm, 1, 
7 7 ImagenesCaras/s27/1.pgm, 1, 
7 7 ImagenesCaras/s28/1.pgm, 1, 
7 7 ImagenesCaras/s29/1.pgm, 1, 
7 7 ImagenesCaras/s30/1.pgm, 1, 
7 7 ImagenesCaras/s31/1.pgm, 1, 
7 7 ImagenesCaras/s32/1.pgm, 1, 
7 7 ImagenesCaras/s33/1.pgm, 1, 
7 7 ImagenesCaras/s34/1.pgm, 1, 
7 7 ImagenesCaras/s35/1.pgm, 1, 
7 7 ImagenesCaras/s36/1.pgm, 1, 
7 7 ImagenesCaras/s37/1.pgm, 1, 
7 7 ImagenesCaras/s38/1.pgm, 1, 
7 7 ImagenesCaras/s39/1.pgm, 1, 
7 7 ImagenesCaras/s40/1.pgm, 1, 
7 7 ImagenesCaras/s41/1.pgm, 1, 
