ImagenesCaras/s1/7.pgm, 1,
ImagenesCaras/s2/7.pgm, 2,
ImagenesCaras/s3/7.pgm, 3,
ImagenesCaras/s4/7.pgm, 3,
ImagenesCaras/s5/7.pgm, 5,
ImagenesCaras/s6/7.pgm, 6,
ImagenesCaras/s7/7.pgm, 7,
ImagenesCaras/s8/7.pgm, 8,
ImagenesCaras/s9/7.pgm, 9,
ImagenesCaras/s10/7.pgm, 10,
ImagenesCaras/s11/7.pgm, 11,
ImagenesCaras/s12/7.pgm, 12,
ImagenesCaras/s13/7.pgm, 13,
ImagenesCaras/s14/7.pgm, 14,
ImagenesCaras/s15/7.pgm, 15,
ImagenesCaras/s16/7.pgm, 8,
ImagenesCaras/s17/7.pgm, 17,
ImagenesCaras/s18/7.pgm, 18,
ImagenesCaras/s19/7.pgm, 19,
ImagenesCaras/s20/7.pgm, 7,
ImagenesCaras/s21/7.pgm, 21,
ImagenesCaras/s22/7.pgm, 22,
ImagenesCaras/s23/7.pgm, 38,
ImagenesCaras/s24/7.pgm, 11,
ImagenesCaras/s25/7.pgm, 12,
ImagenesCaras/s26/7.pgm, 1,
ImagenesCaras/s27/7.pgm, 15,
ImagenesCaras/s28/7.pgm, 28,
ImagenesCaras/s29/7.pgm, 29,
ImagenesCaras/s30/7.pgm, 20,
ImagenesCaras/s31/7.pgm, 21,
ImagenesCaras/s32/7.pgm, 8,
ImagenesCaras/s33/7.pgm, 33,
ImagenesCaras/s34/7.pgm, 34,
ImagenesCaras/s35/7.pgm, 12,
ImagenesCaras/s36/7.pgm, 7,
ImagenesCaras/s37/7.pgm, 37,
ImagenesCaras/s38/7.pgm, 38,
ImagenesCaras/s39/7.pgm, 29,
ImagenesCaras/s40/7.pgm, 40,
ImagenesCaras/s41/7.pgm, 41,
