1 1 ImagenesCaras/s1/10.pgm, 25, 
1 1 ImagenesCaras/s2/10.pgm, 35, 
1 1 ImagenesCaras/s3/10.pgm, 40, 
1 1 ImagenesCaras/s4/10.pgm, 8, 
1 1 ImagenesCaras/s5/10.pgm, 12, 
1 1 ImagenesCaras/s6/10.pgm, 6, 
1 1 ImagenesCaras/s7/10.pgm, 27, 
1 1 ImagenesCaras/s8/10.pgm, 8, 
1 1 ImagenesCaras/s9/10.pgm, 34, 
1 1 ImagenesCaras/s10/10.pgm, 15, 
1 1 ImagenesCaras/s11/10.pgm, 17, 
1 1 ImagenesCaras/s12/10.pgm, 2, 
1 1 ImagenesCaras/s13/10.pgm, 19, 
1 1 ImagenesCaras/s14/10.pgm, 4, 
1 1 ImagenesCaras/s15/10.pgm, 34, 
1 1 ImagenesCaras/s16/10.pgm, 35, 
1 1 ImagenesCaras/s17/10.pgm, 11, 
1 1 ImagenesCaras/s18/10.pgm, 27, 
1 1 ImagenesCaras/s19/10.pgm, 28, 
1 1 ImagenesCaras/s20/10.pgm, 30, 
1 1 ImagenesCaras/s21/10.pgm, 38, 
1 1 ImagenesCaras/s22/10.pgm, 22, 
1 1 ImagenesCaras/s23/10.pgm, 24, 
1 1 ImagenesCaras/s24/10.pgm, 38, 
1 1 ImagenesCaras/s25/10.pgm, 16, 
1 1 ImagenesCaras/s26/10.pgm, 14, 
1 1 ImagenesCaras/s27/10.pgm, 37, 
1 1 ImagenesCaras/s28/10.pgm, 19, 
1 1 ImagenesCaras/s29/10.pgm, 39, 
1 1 ImagenesCaras/s30/10.pgm, 30, 
1 1 ImagenesCaras/s31/10.pgm, 8, 
1 1 ImagenesCaras/s32/10.pgm, 14, 
1 1 ImagenesCaras/s33/10.pgm, 33, 
1 1 ImagenesCaras/s34/10.pgm, 23, 
1 1 ImagenesCaras/s35/10.pgm, 11, 
1 1 ImagenesCaras/s36/10.pgm, 4, 
1 1 ImagenesCaras/s37/10.pgm, 18, 
1 1 ImagenesCaras/s38/10.pgm, 21, 
1 1 ImagenesCaras/s39/10.pgm, 39, 
1 1 ImagenesCaras/s40/10.pgm, 8, 
1 1 ImagenesCaras/s41/10.pgm, 13, 
2 1 ImagenesCaras/s1/10.pgm, 5, 
2 1 ImagenesCaras/s2/10.pgm, 26, 
2 1 ImagenesCaras/s3/10.pgm, 8, 
2 1 ImagenesCaras/s4/10.pgm, 8, 
2 1 ImagenesCaras/s5/10.pgm, 12, 
2 1 ImagenesCaras/s6/10.pgm, 4, 
2 1 ImagenesCaras/s7/10.pgm, 3, 
2 1 ImagenesCaras/s8/10.pgm, 8, 
2 1 ImagenesCaras/s9/10.pgm, 7, 
2 1 ImagenesCaras/s10/10.pgm, 6, 
2 1 ImagenesCaras/s11/10.pgm, 17, 
2 1 ImagenesCaras/s12/10.pgm, 2, 
2 1 ImagenesCaras/s13/10.pgm, 18, 
2 1 ImagenesCaras/s14/10.pgm, 4, 
2 1 ImagenesCaras/s15/10.pgm, 24, 
2 1 ImagenesCaras/s16/10.pgm, 4, 
2 1 ImagenesCaras/s17/10.pgm, 11, 
2 1 ImagenesCaras/s18/10.pgm, 27, 
2 1 ImagenesCaras/s19/10.pgm, 28, 
2 1 ImagenesCaras/s20/10.pgm, 30, 
2 1 ImagenesCaras/s21/10.pgm, 22, 
2 1 ImagenesCaras/s22/10.pgm, 22, 
2 1 ImagenesCaras/s23/10.pgm, 9, 
2 1 ImagenesCaras/s24/10.pgm, 23, 
2 1 ImagenesCaras/s25/10.pgm, 16, 
2 1 ImagenesCaras/s26/10.pgm, 14, 
2 1 ImagenesCaras/s27/10.pgm, 12, 
2 1 ImagenesCaras/s28/10.pgm, 19, 
2 1 ImagenesCaras/s29/10.pgm, 20, 
2 1 ImagenesCaras/s30/10.pgm, 10, 
2 1 ImagenesCaras/s31/10.pgm, 8, 
2 1 ImagenesCaras/s32/10.pgm, 14, 
2 1 ImagenesCaras/s33/10.pgm, 33, 
2 1 ImagenesCaras/s34/10.pgm, 23, 
2 1 ImagenesCaras/s35/10.pgm, 11, 
2 1 ImagenesCaras/s36/10.pgm, 3, 
2 1 ImagenesCaras/s37/10.pgm, 18, 
2 1 ImagenesCaras/s38/10.pgm, 21, 
2 1 ImagenesCaras/s39/10.pgm, 10, 
2 1 ImagenesCaras/s40/10.pgm, 8, 
2 1 ImagenesCaras/s41/10.pgm, 13, 
3 1 ImagenesCaras/s1/10.pgm, 5, 
3 1 ImagenesCaras/s2/10.pgm, 12, 
3 1 ImagenesCaras/s3/10.pgm, 8, 
3 1 ImagenesCaras/s4/10.pgm, 8, 
3 1 ImagenesCaras/s5/10.pgm, 26, 
3 1 ImagenesCaras/s6/10.pgm, 4, 
3 1 ImagenesCaras/s7/10.pgm, 3, 
3 1 ImagenesCaras/s8/10.pgm, 8, 
3 1 ImagenesCaras/s9/10.pgm, 7, 
3 1 ImagenesCaras/s10/10.pgm, 6, 
3 1 ImagenesCaras/s11/10.pgm, 17, 
3 1 ImagenesCaras/s12/10.pgm, 2, 
3 1 ImagenesCaras/s13/10.pgm, 19, 
3 1 ImagenesCaras/s14/10.pgm, 4, 
3 1 ImagenesCaras/s15/10.pgm, 34, 
3 1 ImagenesCaras/s16/10.pgm, 4, 
3 1 ImagenesCaras/s17/10.pgm, 11, 
3 1 ImagenesCaras/s18/10.pgm, 27, 
3 1 ImagenesCaras/s19/10.pgm, 14, 
3 1 ImagenesCaras/s20/10.pgm, 30, 
3 1 ImagenesCaras/s21/10.pgm, 21, 
3 1 ImagenesCaras/s22/10.pgm, 22, 
3 1 ImagenesCaras/s23/10.pgm, 7, 
3 1 ImagenesCaras/s24/10.pgm, 10, 
3 1 ImagenesCaras/s25/10.pgm, 16, 
3 1 ImagenesCaras/s26/10.pgm, 25, 
3 1 ImagenesCaras/s27/10.pgm, 5, 
3 1 ImagenesCaras/s28/10.pgm, 19, 
3 1 ImagenesCaras/s29/10.pgm, 20, 
3 1 ImagenesCaras/s30/10.pgm, 10, 
3 1 ImagenesCaras/s31/10.pgm, 8, 
3 1 ImagenesCaras/s32/10.pgm, 25, 
3 1 ImagenesCaras/s33/10.pgm, 33, 
3 1 ImagenesCaras/s34/10.pgm, 10, 
3 1 ImagenesCaras/s35/10.pgm, 11, 
3 1 ImagenesCaras/s36/10.pgm, 3, 
3 1 ImagenesCaras/s37/10.pgm, 18, 
3 1 ImagenesCaras/s38/10.pgm, 21, 
3 1 ImagenesCaras/s39/10.pgm, 10, 
3 1 ImagenesCaras/s40/10.pgm, 8, 
3 1 ImagenesCaras/s41/10.pgm, 13, 
5 1 ImagenesCaras/s1/10.pgm, 14, 
5 1 ImagenesCaras/s2/10.pgm, 2, 
5 1 ImagenesCaras/s3/10.pgm, 40, 
5 1 ImagenesCaras/s4/10.pgm, 8, 
5 1 ImagenesCaras/s5/10.pgm, 12, 
5 1 ImagenesCaras/s6/10.pgm, 6, 
5 1 ImagenesCaras/s7/10.pgm, 31, 
5 1 ImagenesCaras/s8/10.pgm, 8, 
5 1 ImagenesCaras/s9/10.pgm, 7, 
5 1 ImagenesCaras/s10/10.pgm, 6, 
5 1 ImagenesCaras/s11/10.pgm, 36, 
5 1 ImagenesCaras/s12/10.pgm, 2, 
5 1 ImagenesCaras/s13/10.pgm, 19, 
5 1 ImagenesCaras/s14/10.pgm, 3, 
5 1 ImagenesCaras/s15/10.pgm, 15, 
5 1 ImagenesCaras/s16/10.pgm, 4, 
5 1 ImagenesCaras/s17/10.pgm, 7, 
5 1 ImagenesCaras/s18/10.pgm, 27, 
5 1 ImagenesCaras/s19/10.pgm, 14, 
5 1 ImagenesCaras/s20/10.pgm, 30, 
5 1 ImagenesCaras/s21/10.pgm, 21, 
5 1 ImagenesCaras/s22/10.pgm, 10, 
5 1 ImagenesCaras/s23/10.pgm, 38, 
5 1 ImagenesCaras/s24/10.pgm, 23, 
5 1 ImagenesCaras/s25/10.pgm, 2, 
5 1 ImagenesCaras/s26/10.pgm, 25, 
5 1 ImagenesCaras/s27/10.pgm, 5, 
5 1 ImagenesCaras/s28/10.pgm, 1, 
5 1 ImagenesCaras/s29/10.pgm, 10, 
5 1 ImagenesCaras/s30/10.pgm, 30, 
5 1 ImagenesCaras/s31/10.pgm, 4, 
5 1 ImagenesCaras/s32/10.pgm, 25, 
5 1 ImagenesCaras/s33/10.pgm, 33, 
5 1 ImagenesCaras/s34/10.pgm, 23, 
5 1 ImagenesCaras/s35/10.pgm, 8, 
5 1 ImagenesCaras/s36/10.pgm, 3, 
5 1 ImagenesCaras/s37/10.pgm, 18, 
5 1 ImagenesCaras/s38/10.pgm, 21, 
5 1 ImagenesCaras/s39/10.pgm, 30, 
5 1 ImagenesCaras/s40/10.pgm, 8, 
5 1 ImagenesCaras/s41/10.pgm, 13, 
7 1 ImagenesCaras/s1/10.pgm, 14, 
7 1 ImagenesCaras/s2/10.pgm, 2, 
7 1 ImagenesCaras/s3/10.pgm, 40, 
7 1 ImagenesCaras/s4/10.pgm, 8, 
7 1 ImagenesCaras/s5/10.pgm, 26, 
7 1 ImagenesCaras/s6/10.pgm, 6, 
7 1 ImagenesCaras/s7/10.pgm, 31, 
7 1 ImagenesCaras/s8/10.pgm, 36, 
7 1 ImagenesCaras/s9/10.pgm, 7, 
7 1 ImagenesCaras/s10/10.pgm, 6, 
7 1 ImagenesCaras/s11/10.pgm, 36, 
7 1 ImagenesCaras/s12/10.pgm, 5, 
7 1 ImagenesCaras/s13/10.pgm, 1, 
7 1 ImagenesCaras/s14/10.pgm, 4, 
7 1 ImagenesCaras/s15/10.pgm, 15, 
7 1 ImagenesCaras/s16/10.pgm, 8, 
7 1 ImagenesCaras/s17/10.pgm, 7, 
7 1 ImagenesCaras/s18/10.pgm, 12, 
7 1 ImagenesCaras/s19/10.pgm, 5, 
7 1 ImagenesCaras/s20/10.pgm, 30, 
7 1 ImagenesCaras/s21/10.pgm, 21, 
7 1 ImagenesCaras/s22/10.pgm, 38, 
7 1 ImagenesCaras/s23/10.pgm, 9, 
7 1 ImagenesCaras/s24/10.pgm, 23, 
7 1 ImagenesCaras/s25/10.pgm, 2, 
7 1 ImagenesCaras/s26/10.pgm, 14, 
7 1 ImagenesCaras/s27/10.pgm, 5, 
7 1 ImagenesCaras/s28/10.pgm, 1, 
7 1 ImagenesCaras/s29/10.pgm, 39, 
7 1 ImagenesCaras/s30/10.pgm, 10, 
7 1 ImagenesCaras/s31/10.pgm, 8, 
7 1 ImagenesCaras/s32/10.pgm, 14, 
7 1 ImagenesCaras/s33/10.pgm, 33, 
7 1 ImagenesCaras/s34/10.pgm, 23, 
7 1 ImagenesCaras/s35/10.pgm, 2, 
7 1 ImagenesCaras/s36/10.pgm, 3, 
7 1 ImagenesCaras/s37/10.pgm, 18, 
7 1 ImagenesCaras/s38/10.pgm, 21, 
7 1 ImagenesCaras/s39/10.pgm, 30, 
7 1 ImagenesCaras/s40/10.pgm, 36, 
7 1 ImagenesCaras/s41/10.pgm, 13, 
1 2 ImagenesCaras/s1/10.pgm, 40, 
1 2 ImagenesCaras/s2/10.pgm, 25, 
1 2 ImagenesCaras/s3/10.pgm, 40, 
1 2 ImagenesCaras/s4/10.pgm, 3, 
1 2 ImagenesCaras/s5/10.pgm, 5, 
1 2 ImagenesCaras/s6/10.pgm, 6, 
1 2 ImagenesCaras/s7/10.pgm, 3, 
1 2 ImagenesCaras/s8/10.pgm, 8, 
1 2 ImagenesCaras/s9/10.pgm, 7, 
1 2 ImagenesCaras/s10/10.pgm, 7, 
1 2 ImagenesCaras/s11/10.pgm, 11, 
1 2 ImagenesCaras/s12/10.pgm, 12, 
1 2 ImagenesCaras/s13/10.pgm, 13, 
1 2 ImagenesCaras/s14/10.pgm, 37, 
1 2 ImagenesCaras/s15/10.pgm, 15, 
1 2 ImagenesCaras/s16/10.pgm, 3, 
1 2 ImagenesCaras/s17/10.pgm, 17, 
1 2 ImagenesCaras/s18/10.pgm, 1, 
1 2 ImagenesCaras/s19/10.pgm, 28, 
1 2 ImagenesCaras/s20/10.pgm, 20, 
1 2 ImagenesCaras/s21/10.pgm, 21, 
1 2 ImagenesCaras/s22/10.pgm, 22, 
1 2 ImagenesCaras/s23/10.pgm, 17, 
1 2 ImagenesCaras/s24/10.pgm, 24, 
1 2 ImagenesCaras/s25/10.pgm, 40, 
1 2 ImagenesCaras/s26/10.pgm, 26, 
1 2 ImagenesCaras/s27/10.pgm, 28, 
1 2 ImagenesCaras/s28/10.pgm, 19, 
1 2 ImagenesCaras/s29/10.pgm, 39, 
1 2 ImagenesCaras/s30/10.pgm, 30, 
1 2 ImagenesCaras/s31/10.pgm, 31, 
1 2 ImagenesCaras/s32/10.pgm, 25, 
1 2 ImagenesCaras/s33/10.pgm, 33, 
1 2 ImagenesCaras/s34/10.pgm, 34, 
1 2 ImagenesCaras/s35/10.pgm, 25, 
1 2 ImagenesCaras/s36/10.pgm, 4, 
1 2 ImagenesCaras/s37/10.pgm, 37, 
1 2 ImagenesCaras/s38/10.pgm, 38, 
1 2 ImagenesCaras/s39/10.pgm, 39, 
1 2 ImagenesCaras/s40/10.pgm, 17, 
1 2 ImagenesCaras/s41/10.pgm, 18, 
2 2 ImagenesCaras/s1/10.pgm, 5, 
2 2 ImagenesCaras/s2/10.pgm, 2, 
2 2 ImagenesCaras/s3/10.pgm, 8, 
2 2 ImagenesCaras/s4/10.pgm, 3, 
2 2 ImagenesCaras/s5/10.pgm, 5, 
2 2 ImagenesCaras/s6/10.pgm, 6, 
2 2 ImagenesCaras/s7/10.pgm, 3, 
2 2 ImagenesCaras/s8/10.pgm, 8, 
2 2 ImagenesCaras/s9/10.pgm, 7, 
2 2 ImagenesCaras/s10/10.pgm, 7, 
2 2 ImagenesCaras/s11/10.pgm, 11, 
2 2 ImagenesCaras/s12/10.pgm, 12, 
2 2 ImagenesCaras/s13/10.pgm, 1, 
2 2 ImagenesCaras/s14/10.pgm, 14, 
2 2 ImagenesCaras/s15/10.pgm, 15, 
2 2 ImagenesCaras/s16/10.pgm, 3, 
2 2 ImagenesCaras/s17/10.pgm, 9, 
2 2 ImagenesCaras/s18/10.pgm, 1, 
2 2 ImagenesCaras/s19/10.pgm, 28, 
2 2 ImagenesCaras/s20/10.pgm, 20, 
2 2 ImagenesCaras/s21/10.pgm, 20, 
2 2 ImagenesCaras/s22/10.pgm, 22, 
2 2 ImagenesCaras/s23/10.pgm, 17, 
2 2 ImagenesCaras/s24/10.pgm, 24, 
2 2 ImagenesCaras/s25/10.pgm, 8, 
2 2 ImagenesCaras/s26/10.pgm, 12, 
2 2 ImagenesCaras/s27/10.pgm, 28, 
2 2 ImagenesCaras/s28/10.pgm, 19, 
2 2 ImagenesCaras/s29/10.pgm, 39, 
2 2 ImagenesCaras/s30/10.pgm, 21, 
2 2 ImagenesCaras/s31/10.pgm, 31, 
2 2 ImagenesCaras/s32/10.pgm, 3, 
2 2 ImagenesCaras/s33/10.pgm, 33, 
2 2 ImagenesCaras/s34/10.pgm, 22, 
2 2 ImagenesCaras/s35/10.pgm, 25, 
2 2 ImagenesCaras/s36/10.pgm, 4, 
2 2 ImagenesCaras/s37/10.pgm, 37, 
2 2 ImagenesCaras/s38/10.pgm, 23, 
2 2 ImagenesCaras/s39/10.pgm, 39, 
2 2 ImagenesCaras/s40/10.pgm, 4, 
2 2 ImagenesCaras/s41/10.pgm, 18, 
3 2 ImagenesCaras/s1/10.pgm, 5, 
3 2 ImagenesCaras/s2/10.pgm, 2, 
3 2 ImagenesCaras/s3/10.pgm, 8, 
3 2 ImagenesCaras/s4/10.pgm, 3, 
3 2 ImagenesCaras/s5/10.pgm, 5, 
3 2 ImagenesCaras/s6/10.pgm, 6, 
3 2 ImagenesCaras/s7/10.pgm, 3, 
3 2 ImagenesCaras/s8/10.pgm, 4, 
3 2 ImagenesCaras/s9/10.pgm, 7, 
3 2 ImagenesCaras/s10/10.pgm, 7, 
3 2 ImagenesCaras/s11/10.pgm, 11, 
3 2 ImagenesCaras/s12/10.pgm, 40, 
3 2 ImagenesCaras/s13/10.pgm, 13, 
3 2 ImagenesCaras/s14/10.pgm, 14, 
3 2 ImagenesCaras/s15/10.pgm, 15, 
3 2 ImagenesCaras/s16/10.pgm, 4, 
3 2 ImagenesCaras/s17/10.pgm, 17, 
3 2 ImagenesCaras/s18/10.pgm, 1, 
3 2 ImagenesCaras/s19/10.pgm, 28, 
3 2 ImagenesCaras/s20/10.pgm, 20, 
3 2 ImagenesCaras/s21/10.pgm, 20, 
3 2 ImagenesCaras/s22/10.pgm, 34, 
3 2 ImagenesCaras/s23/10.pgm, 17, 
3 2 ImagenesCaras/s24/10.pgm, 24, 
3 2 ImagenesCaras/s25/10.pgm, 8, 
3 2 ImagenesCaras/s26/10.pgm, 4, 
3 2 ImagenesCaras/s27/10.pgm, 28, 
3 2 ImagenesCaras/s28/10.pgm, 19, 
3 2 ImagenesCaras/s29/10.pgm, 39, 
3 2 ImagenesCaras/s30/10.pgm, 21, 
3 2 ImagenesCaras/s31/10.pgm, 31, 
3 2 ImagenesCaras/s32/10.pgm, 3, 
3 2 ImagenesCaras/s33/10.pgm, 33, 
3 2 ImagenesCaras/s34/10.pgm, 22, 
3 2 ImagenesCaras/s35/10.pgm, 25, 
3 2 ImagenesCaras/s36/10.pgm, 4, 
3 2 ImagenesCaras/s37/10.pgm, 37, 
3 2 ImagenesCaras/s38/10.pgm, 23, 
3 2 ImagenesCaras/s39/10.pgm, 39, 
3 2 ImagenesCaras/s40/10.pgm, 3, 
3 2 ImagenesCaras/s41/10.pgm, 13, 
5 2 ImagenesCaras/s1/10.pgm, 5, 
5 2 ImagenesCaras/s2/10.pgm, 2, 
5 2 ImagenesCaras/s3/10.pgm, 40, 
5 2 ImagenesCaras/s4/10.pgm, 3, 
5 2 ImagenesCaras/s5/10.pgm, 1, 
5 2 ImagenesCaras/s6/10.pgm, 6, 
5 2 ImagenesCaras/s7/10.pgm, 3, 
5 2 ImagenesCaras/s8/10.pgm, 4, 
5 2 ImagenesCaras/s9/10.pgm, 7, 
5 2 ImagenesCaras/s10/10.pgm, 7, 
5 2 ImagenesCaras/s11/10.pgm, 11, 
5 2 ImagenesCaras/s12/10.pgm, 40, 
5 2 ImagenesCaras/s13/10.pgm, 1, 
5 2 ImagenesCaras/s14/10.pgm, 14, 
5 2 ImagenesCaras/s15/10.pgm, 15, 
5 2 ImagenesCaras/s16/10.pgm, 4, 
5 2 ImagenesCaras/s17/10.pgm, 17, 
5 2 ImagenesCaras/s18/10.pgm, 1, 
5 2 ImagenesCaras/s19/10.pgm, 28, 
5 2 ImagenesCaras/s20/10.pgm, 20, 
5 2 ImagenesCaras/s21/10.pgm, 21, 
5 2 ImagenesCaras/s22/10.pgm, 22, 
5 2 ImagenesCaras/s23/10.pgm, 9, 
5 2 ImagenesCaras/s24/10.pgm, 24, 
5 2 ImagenesCaras/s25/10.pgm, 40, 
5 2 ImagenesCaras/s26/10.pgm, 26, 
5 2 ImagenesCaras/s27/10.pgm, 28, 
5 2 ImagenesCaras/s28/10.pgm, 19, 
5 2 ImagenesCaras/s29/10.pgm, 33, 
5 2 ImagenesCaras/s30/10.pgm, 29, 
5 2 ImagenesCaras/s31/10.pgm, 31, 
5 2 ImagenesCaras/s32/10.pgm, 3, 
5 2 ImagenesCaras/s33/10.pgm, 33, 
5 2 ImagenesCaras/s34/10.pgm, 22, 
5 2 ImagenesCaras/s35/10.pgm, 25, 
5 2 ImagenesCaras/s36/10.pgm, 4, 
5 2 ImagenesCaras/s37/10.pgm, 37, 
5 2 ImagenesCaras/s38/10.pgm, 23, 
5 2 ImagenesCaras/s39/10.pgm, 39, 
5 2 ImagenesCaras/s40/10.pgm, 3, 
5 2 ImagenesCaras/s41/10.pgm, 41, 
7 2 ImagenesCaras/s1/10.pgm, 40, 
7 2 ImagenesCaras/s2/10.pgm, 2, 
7 2 ImagenesCaras/s3/10.pgm, 40, 
7 2 ImagenesCaras/s4/10.pgm, 3, 
7 2 ImagenesCaras/s5/10.pgm, 1, 
7 2 ImagenesCaras/s6/10.pgm, 6, 
7 2 ImagenesCaras/s7/10.pgm, 3, 
7 2 ImagenesCaras/s8/10.pgm, 3, 
7 2 ImagenesCaras/s9/10.pgm, 7, 
7 2 ImagenesCaras/s10/10.pgm, 6, 
7 2 ImagenesCaras/s11/10.pgm, 11, 
7 2 ImagenesCaras/s12/10.pgm, 40, 
7 2 ImagenesCaras/s13/10.pgm, 1, 
7 2 ImagenesCaras/s14/10.pgm, 31, 
7 2 ImagenesCaras/s15/10.pgm, 15, 
7 2 ImagenesCaras/s16/10.pgm, 3, 
7 2 ImagenesCaras/s17/10.pgm, 17, 
7 2 ImagenesCaras/s18/10.pgm, 1, 
7 2 ImagenesCaras/s19/10.pgm, 28, 
7 2 ImagenesCaras/s20/10.pgm, 20, 
7 2 ImagenesCaras/s21/10.pgm, 21, 
7 2 ImagenesCaras/s22/10.pgm, 22, 
7 2 ImagenesCaras/s23/10.pgm, 9, 
7 2 ImagenesCaras/s24/10.pgm, 24, 
7 2 ImagenesCaras/s25/10.pgm, 40, 
7 2 ImagenesCaras/s26/10.pgm, 26, 
7 2 ImagenesCaras/s27/10.pgm, 28, 
7 2 ImagenesCaras/s28/10.pgm, 19, 
7 2 ImagenesCaras/s29/10.pgm, 33, 
7 2 ImagenesCaras/s30/10.pgm, 29, 
7 2 ImagenesCaras/s31/10.pgm, 31, 
7 2 ImagenesCaras/s32/10.pgm, 3, 
7 2 ImagenesCaras/s33/10.pgm, 33, 
7 2 ImagenesCaras/s34/10.pgm, 22, 
7 2 ImagenesCaras/s35/10.pgm, 25, 
7 2 ImagenesCaras/s36/10.pgm, 4, 
7 2 ImagenesCaras/s37/10.pgm, 37, 
7 2 ImagenesCaras/s38/10.pgm, 23, 
7 2 ImagenesCaras/s39/10.pgm, 39, 
7 2 ImagenesCaras/s40/10.pgm, 3, 
7 2 ImagenesCaras/s41/10.pgm, 41, 
1 3 ImagenesCaras/s1/10.pgm, 12, 
1 3 ImagenesCaras/s2/10.pgm, 2, 
1 3 ImagenesCaras/s3/10.pgm, 3, 
1 3 ImagenesCaras/s4/10.pgm, 3, 
1 3 ImagenesCaras/s5/10.pgm, 1, 
1 3 ImagenesCaras/s6/10.pgm, 6, 
1 3 ImagenesCaras/s7/10.pgm, 17, 
1 3 ImagenesCaras/s8/10.pgm, 8, 
1 3 ImagenesCaras/s9/10.pgm, 9, 
1 3 ImagenesCaras/s10/10.pgm, 7, 
1 3 ImagenesCaras/s11/10.pgm, 11, 
1 3 ImagenesCaras/s12/10.pgm, 12, 
1 3 ImagenesCaras/s13/10.pgm, 13, 
1 3 ImagenesCaras/s14/10.pgm, 37, 
1 3 ImagenesCaras/s15/10.pgm, 15, 
1 3 ImagenesCaras/s16/10.pgm, 17, 
1 3 ImagenesCaras/s17/10.pgm, 17, 
1 3 ImagenesCaras/s18/10.pgm, 18, 
1 3 ImagenesCaras/s19/10.pgm, 27, 
1 3 ImagenesCaras/s20/10.pgm, 20, 
1 3 ImagenesCaras/s21/10.pgm, 31, 
1 3 ImagenesCaras/s22/10.pgm, 22, 
1 3 ImagenesCaras/s23/10.pgm, 23, 
1 3 ImagenesCaras/s24/10.pgm, 24, 
1 3 ImagenesCaras/s25/10.pgm, 25, 
1 3 ImagenesCaras/s26/10.pgm, 26, 
1 3 ImagenesCaras/s27/10.pgm, 28, 
1 3 ImagenesCaras/s28/10.pgm, 28, 
1 3 ImagenesCaras/s29/10.pgm, 33, 
1 3 ImagenesCaras/s30/10.pgm, 30, 
1 3 ImagenesCaras/s31/10.pgm, 31, 
1 3 ImagenesCaras/s32/10.pgm, 16, 
1 3 ImagenesCaras/s33/10.pgm, 33, 
1 3 ImagenesCaras/s34/10.pgm, 34, 
1 3 ImagenesCaras/s35/10.pgm, 25, 
1 3 ImagenesCaras/s36/10.pgm, 36, 
1 3 ImagenesCaras/s37/10.pgm, 37, 
1 3 ImagenesCaras/s38/10.pgm, 38, 
1 3 ImagenesCaras/s39/10.pgm, 39, 
1 3 ImagenesCaras/s40/10.pgm, 40, 
1 3 ImagenesCaras/s41/10.pgm, 41, 
2 3 ImagenesCaras/s1/10.pgm, 12, 
2 3 ImagenesCaras/s2/10.pgm, 2, 
2 3 ImagenesCaras/s3/10.pgm, 3, 
2 3 ImagenesCaras/s4/10.pgm, 3, 
2 3 ImagenesCaras/s5/10.pgm, 1, 
2 3 ImagenesCaras/s6/10.pgm, 6, 
2 3 ImagenesCaras/s7/10.pgm, 7, 
2 3 ImagenesCaras/s8/10.pgm, 8, 
2 3 ImagenesCaras/s9/10.pgm, 9, 
2 3 ImagenesCaras/s10/10.pgm, 7, 
2 3 ImagenesCaras/s11/10.pgm, 11, 
2 3 ImagenesCaras/s12/10.pgm, 12, 
2 3 ImagenesCaras/s13/10.pgm, 13, 
2 3 ImagenesCaras/s14/10.pgm, 14, 
2 3 ImagenesCaras/s15/10.pgm, 15, 
2 3 ImagenesCaras/s16/10.pgm, 17, 
2 3 ImagenesCaras/s17/10.pgm, 17, 
2 3 ImagenesCaras/s18/10.pgm, 1, 
2 3 ImagenesCaras/s19/10.pgm, 27, 
2 3 ImagenesCaras/s20/10.pgm, 20, 
2 3 ImagenesCaras/s21/10.pgm, 21, 
2 3 ImagenesCaras/s22/10.pgm, 22, 
2 3 ImagenesCaras/s23/10.pgm, 23, 
2 3 ImagenesCaras/s24/10.pgm, 24, 
2 3 ImagenesCaras/s25/10.pgm, 25, 
2 3 ImagenesCaras/s26/10.pgm, 26, 
2 3 ImagenesCaras/s27/10.pgm, 11, 
2 3 ImagenesCaras/s28/10.pgm, 28, 
2 3 ImagenesCaras/s29/10.pgm, 29, 
2 3 ImagenesCaras/s30/10.pgm, 29, 
2 3 ImagenesCaras/s31/10.pgm, 31, 
2 3 ImagenesCaras/s32/10.pgm, 16, 
2 3 ImagenesCaras/s33/10.pgm, 33, 
2 3 ImagenesCaras/s34/10.pgm, 34, 
2 3 ImagenesCaras/s35/10.pgm, 25, 
2 3 ImagenesCaras/s36/10.pgm, 16, 
2 3 ImagenesCaras/s37/10.pgm, 26, 
2 3 ImagenesCaras/s38/10.pgm, 38, 
2 3 ImagenesCaras/s39/10.pgm, 22, 
2 3 ImagenesCaras/s40/10.pgm, 35, 
2 3 ImagenesCaras/s41/10.pgm, 41, 
3 3 ImagenesCaras/s1/10.pgm, 40, 
3 3 ImagenesCaras/s2/10.pgm, 2, 
3 3 ImagenesCaras/s3/10.pgm, 3, 
3 3 ImagenesCaras/s4/10.pgm, 4, 
3 3 ImagenesCaras/s5/10.pgm, 1, 
3 3 ImagenesCaras/s6/10.pgm, 6, 
3 3 ImagenesCaras/s7/10.pgm, 4, 
3 3 ImagenesCaras/s8/10.pgm, 8, 
3 3 ImagenesCaras/s9/10.pgm, 9, 
3 3 ImagenesCaras/s10/10.pgm, 7, 
3 3 ImagenesCaras/s11/10.pgm, 11, 
3 3 ImagenesCaras/s12/10.pgm, 12, 
3 3 ImagenesCaras/s13/10.pgm, 13, 
3 3 ImagenesCaras/s14/10.pgm, 37, 
3 3 ImagenesCaras/s15/10.pgm, 15, 
3 3 ImagenesCaras/s16/10.pgm, 36, 
3 3 ImagenesCaras/s17/10.pgm, 17, 
3 3 ImagenesCaras/s18/10.pgm, 1, 
3 3 ImagenesCaras/s19/10.pgm, 28, 
3 3 ImagenesCaras/s20/10.pgm, 20, 
3 3 ImagenesCaras/s21/10.pgm, 21, 
3 3 ImagenesCaras/s22/10.pgm, 22, 
3 3 ImagenesCaras/s23/10.pgm, 23, 
3 3 ImagenesCaras/s24/10.pgm, 24, 
3 3 ImagenesCaras/s25/10.pgm, 25, 
3 3 ImagenesCaras/s26/10.pgm, 26, 
3 3 ImagenesCaras/s27/10.pgm, 11, 
3 3 ImagenesCaras/s28/10.pgm, 28, 
3 3 ImagenesCaras/s29/10.pgm, 33, 
3 3 ImagenesCaras/s30/10.pgm, 29, 
3 3 ImagenesCaras/s31/10.pgm, 31, 
3 3 ImagenesCaras/s32/10.pgm, 2, 
3 3 ImagenesCaras/s33/10.pgm, 33, 
3 3 ImagenesCaras/s34/10.pgm, 34, 
3 3 ImagenesCaras/s35/10.pgm, 12, 
3 3 ImagenesCaras/s36/10.pgm, 16, 
3 3 ImagenesCaras/s37/10.pgm, 26, 
3 3 ImagenesCaras/s38/10.pgm, 38, 
3 3 ImagenesCaras/s39/10.pgm, 39, 
3 3 ImagenesCaras/s40/10.pgm, 5, 
3 3 ImagenesCaras/s41/10.pgm, 41, 
5 3 ImagenesCaras/s1/10.pgm, 5, 
5 3 ImagenesCaras/s2/10.pgm, 2, 
5 3 ImagenesCaras/s3/10.pgm, 4, 
5 3 ImagenesCaras/s4/10.pgm, 4, 
5 3 ImagenesCaras/s5/10.pgm, 1, 
5 3 ImagenesCaras/s6/10.pgm, 6, 
5 3 ImagenesCaras/s7/10.pgm, 7, 
5 3 ImagenesCaras/s8/10.pgm, 8, 
5 3 ImagenesCaras/s9/10.pgm, 9, 
5 3 ImagenesCaras/s10/10.pgm, 7, 
5 3 ImagenesCaras/s11/10.pgm, 11, 
5 3 ImagenesCaras/s12/10.pgm, 12, 
5 3 ImagenesCaras/s13/10.pgm, 13, 
5 3 ImagenesCaras/s14/10.pgm, 31, 
5 3 ImagenesCaras/s15/10.pgm, 15, 
5 3 ImagenesCaras/s16/10.pgm, 36, 
5 3 ImagenesCaras/s17/10.pgm, 17, 
5 3 ImagenesCaras/s18/10.pgm, 1, 
5 3 ImagenesCaras/s19/10.pgm, 28, 
5 3 ImagenesCaras/s20/10.pgm, 20, 
5 3 ImagenesCaras/s21/10.pgm, 21, 
5 3 ImagenesCaras/s22/10.pgm, 22, 
5 3 ImagenesCaras/s23/10.pgm, 23, 
5 3 ImagenesCaras/s24/10.pgm, 24, 
5 3 ImagenesCaras/s25/10.pgm, 25, 
5 3 ImagenesCaras/s26/10.pgm, 25, 
5 3 ImagenesCaras/s27/10.pgm, 11, 
5 3 ImagenesCaras/s28/10.pgm, 28, 
5 3 ImagenesCaras/s29/10.pgm, 33, 
5 3 ImagenesCaras/s30/10.pgm, 20, 
5 3 ImagenesCaras/s31/10.pgm, 31, 
5 3 ImagenesCaras/s32/10.pgm, 16, 
5 3 ImagenesCaras/s33/10.pgm, 33, 
5 3 ImagenesCaras/s34/10.pgm, 22, 
5 3 ImagenesCaras/s35/10.pgm, 25, 
5 3 ImagenesCaras/s36/10.pgm, 16, 
5 3 ImagenesCaras/s37/10.pgm, 37, 
5 3 ImagenesCaras/s38/10.pgm, 23, 
5 3 ImagenesCaras/s39/10.pgm, 39, 
5 3 ImagenesCaras/s40/10.pgm, 5, 
5 3 ImagenesCaras/s41/10.pgm, 41, 
7 3 ImagenesCaras/s1/10.pgm, 40, 
7 3 ImagenesCaras/s2/10.pgm, 2, 
7 3 ImagenesCaras/s3/10.pgm, 3, 
7 3 ImagenesCaras/s4/10.pgm, 3, 
7 3 ImagenesCaras/s5/10.pgm, 5, 
7 3 ImagenesCaras/s6/10.pgm, 6, 
7 3 ImagenesCaras/s7/10.pgm, 7, 
7 3 ImagenesCaras/s8/10.pgm, 8, 
7 3 ImagenesCaras/s9/10.pgm, 9, 
7 3 ImagenesCaras/s10/10.pgm, 7, 
7 3 ImagenesCaras/s11/10.pgm, 11, 
7 3 ImagenesCaras/s12/10.pgm, 12, 
7 3 ImagenesCaras/s13/10.pgm, 13, 
7 3 ImagenesCaras/s14/10.pgm, 31, 
7 3 ImagenesCaras/s15/10.pgm, 15, 
7 3 ImagenesCaras/s16/10.pgm, 36, 
7 3 ImagenesCaras/s17/10.pgm, 17, 
7 3 ImagenesCaras/s18/10.pgm, 1, 
7 3 ImagenesCaras/s19/10.pgm, 19, 
7 3 ImagenesCaras/s20/10.pgm, 20, 
7 3 ImagenesCaras/s21/10.pgm, 21, 
7 3 ImagenesCaras/s22/10.pgm, 22, 
7 3 ImagenesCaras/s23/10.pgm, 23, 
7 3 ImagenesCaras/s24/10.pgm, 24, 
7 3 ImagenesCaras/s25/10.pgm, 25, 
7 3 ImagenesCaras/s26/10.pgm, 25, 
7 3 ImagenesCaras/s27/10.pgm, 11, 
7 3 ImagenesCaras/s28/10.pgm, 28, 
7 3 ImagenesCaras/s29/10.pgm, 33, 
7 3 ImagenesCaras/s30/10.pgm, 20, 
7 3 ImagenesCaras/s31/10.pgm, 31, 
7 3 ImagenesCaras/s32/10.pgm, 2, 
7 3 ImagenesCaras/s33/10.pgm, 33, 
7 3 ImagenesCaras/s34/10.pgm, 22, 
7 3 ImagenesCaras/s35/10.pgm, 25, 
7 3 ImagenesCaras/s36/10.pgm, 16, 
7 3 ImagenesCaras/s37/10.pgm, 37, 
7 3 ImagenesCaras/s38/10.pgm, 23, 
7 3 ImagenesCaras/s39/10.pgm, 39, 
7 3 ImagenesCaras/s40/10.pgm, 40, 
7 3 ImagenesCaras/s41/10.pgm, 41, 
1 5 ImagenesCaras/s1/10.pgm, 12, 
1 5 ImagenesCaras/s2/10.pgm, 2, 
1 5 ImagenesCaras/s3/10.pgm, 3, 
1 5 ImagenesCaras/s4/10.pgm, 4, 
1 5 ImagenesCaras/s5/10.pgm, 5, 
1 5 ImagenesCaras/s6/10.pgm, 6, 
1 5 ImagenesCaras/s7/10.pgm, 17, 
1 5 ImagenesCaras/s8/10.pgm, 8, 
1 5 ImagenesCaras/s9/10.pgm, 9, 
1 5 ImagenesCaras/s10/10.pgm, 3, 
1 5 ImagenesCaras/s11/10.pgm, 11, 
1 5 ImagenesCaras/s12/10.pgm, 12, 
1 5 ImagenesCaras/s13/10.pgm, 13, 
1 5 ImagenesCaras/s14/10.pgm, 14, 
1 5 ImagenesCaras/s15/10.pgm, 15, 
1 5 ImagenesCaras/s16/10.pgm, 36, 
1 5 ImagenesCaras/s17/10.pgm, 17, 
1 5 ImagenesCaras/s18/10.pgm, 18, 
1 5 ImagenesCaras/s19/10.pgm, 27, 
1 5 ImagenesCaras/s20/10.pgm, 20, 
1 5 ImagenesCaras/s21/10.pgm, 21, 
1 5 ImagenesCaras/s22/10.pgm, 22, 
1 5 ImagenesCaras/s23/10.pgm, 23, 
1 5 ImagenesCaras/s24/10.pgm, 24, 
1 5 ImagenesCaras/s25/10.pgm, 25, 
1 5 ImagenesCaras/s26/10.pgm, 26, 
1 5 ImagenesCaras/s27/10.pgm, 11, 
1 5 ImagenesCaras/s28/10.pgm, 28, 
1 5 ImagenesCaras/s29/10.pgm, 29, 
1 5 ImagenesCaras/s30/10.pgm, 30, 
1 5 ImagenesCaras/s31/10.pgm, 31, 
1 5 ImagenesCaras/s32/10.pgm, 32, 
1 5 ImagenesCaras/s33/10.pgm, 33, 
1 5 ImagenesCaras/s34/10.pgm, 34, 
1 5 ImagenesCaras/s35/10.pgm, 35, 
1 5 ImagenesCaras/s36/10.pgm, 16, 
1 5 ImagenesCaras/s37/10.pgm, 37, 
1 5 ImagenesCaras/s38/10.pgm, 38, 
1 5 ImagenesCaras/s39/10.pgm, 39, 
1 5 ImagenesCaras/s40/10.pgm, 40, 
1 5 ImagenesCaras/s41/10.pgm, 41, 
2 5 ImagenesCaras/s1/10.pgm, 3, 
2 5 ImagenesCaras/s2/10.pgm, 2, 
2 5 ImagenesCaras/s3/10.pgm, 3, 
2 5 ImagenesCaras/s4/10.pgm, 4, 
2 5 ImagenesCaras/s5/10.pgm, 5, 
2 5 ImagenesCaras/s6/10.pgm, 6, 
2 5 ImagenesCaras/s7/10.pgm, 7, 
2 5 ImagenesCaras/s8/10.pgm, 8, 
2 5 ImagenesCaras/s9/10.pgm, 9, 
2 5 ImagenesCaras/s10/10.pgm, 3, 
2 5 ImagenesCaras/s11/10.pgm, 11, 
2 5 ImagenesCaras/s12/10.pgm, 4, 
2 5 ImagenesCaras/s13/10.pgm, 13, 
2 5 ImagenesCaras/s14/10.pgm, 14, 
2 5 ImagenesCaras/s15/10.pgm, 15, 
2 5 ImagenesCaras/s16/10.pgm, 36, 
2 5 ImagenesCaras/s17/10.pgm, 17, 
2 5 ImagenesCaras/s18/10.pgm, 5, 
2 5 ImagenesCaras/s19/10.pgm, 27, 
2 5 ImagenesCaras/s20/10.pgm, 20, 
2 5 ImagenesCaras/s21/10.pgm, 21, 
2 5 ImagenesCaras/s22/10.pgm, 22, 
2 5 ImagenesCaras/s23/10.pgm, 9, 
2 5 ImagenesCaras/s24/10.pgm, 24, 
2 5 ImagenesCaras/s25/10.pgm, 25, 
2 5 ImagenesCaras/s26/10.pgm, 26, 
2 5 ImagenesCaras/s27/10.pgm, 11, 
2 5 ImagenesCaras/s28/10.pgm, 28, 
2 5 ImagenesCaras/s29/10.pgm, 29, 
2 5 ImagenesCaras/s30/10.pgm, 30, 
2 5 ImagenesCaras/s31/10.pgm, 31, 
2 5 ImagenesCaras/s32/10.pgm, 32, 
2 5 ImagenesCaras/s33/10.pgm, 33, 
2 5 ImagenesCaras/s34/10.pgm, 34, 
2 5 ImagenesCaras/s35/10.pgm, 35, 
2 5 ImagenesCaras/s36/10.pgm, 16, 
2 5 ImagenesCaras/s37/10.pgm, 37, 
2 5 ImagenesCaras/s38/10.pgm, 38, 
2 5 ImagenesCaras/s39/10.pgm, 39, 
2 5 ImagenesCaras/s40/10.pgm, 5, 
2 5 ImagenesCaras/s41/10.pgm, 41, 
3 5 ImagenesCaras/s1/10.pgm, 3, 
3 5 ImagenesCaras/s2/10.pgm, 2, 
3 5 ImagenesCaras/s3/10.pgm, 3, 
3 5 ImagenesCaras/s4/10.pgm, 4, 
3 5 ImagenesCaras/s5/10.pgm, 5, 
3 5 ImagenesCaras/s6/10.pgm, 6, 
3 5 ImagenesCaras/s7/10.pgm, 7, 
3 5 ImagenesCaras/s8/10.pgm, 8, 
3 5 ImagenesCaras/s9/10.pgm, 9, 
3 5 ImagenesCaras/s10/10.pgm, 3, 
3 5 ImagenesCaras/s11/10.pgm, 11, 
3 5 ImagenesCaras/s12/10.pgm, 4, 
3 5 ImagenesCaras/s13/10.pgm, 13, 
3 5 ImagenesCaras/s14/10.pgm, 14, 
3 5 ImagenesCaras/s15/10.pgm, 15, 
3 5 ImagenesCaras/s16/10.pgm, 36, 
3 5 ImagenesCaras/s17/10.pgm, 17, 
3 5 ImagenesCaras/s18/10.pgm, 5, 
3 5 ImagenesCaras/s19/10.pgm, 27, 
3 5 ImagenesCaras/s20/10.pgm, 20, 
3 5 ImagenesCaras/s21/10.pgm, 21, 
3 5 ImagenesCaras/s22/10.pgm, 22, 
3 5 ImagenesCaras/s23/10.pgm, 23, 
3 5 ImagenesCaras/s24/10.pgm, 24, 
3 5 ImagenesCaras/s25/10.pgm, 25, 
3 5 ImagenesCaras/s26/10.pgm, 26, 
3 5 ImagenesCaras/s27/10.pgm, 11, 
3 5 ImagenesCaras/s28/10.pgm, 28, 
3 5 ImagenesCaras/s29/10.pgm, 29, 
3 5 ImagenesCaras/s30/10.pgm, 30, 
3 5 ImagenesCaras/s31/10.pgm, 31, 
3 5 ImagenesCaras/s32/10.pgm, 32, 
3 5 ImagenesCaras/s33/10.pgm, 33, 
3 5 ImagenesCaras/s34/10.pgm, 34, 
3 5 ImagenesCaras/s35/10.pgm, 40, 
3 5 ImagenesCaras/s36/10.pgm, 16, 
3 5 ImagenesCaras/s37/10.pgm, 37, 
3 5 ImagenesCaras/s38/10.pgm, 38, 
3 5 ImagenesCaras/s39/10.pgm, 39, 
3 5 ImagenesCaras/s40/10.pgm, 5, 
3 5 ImagenesCaras/s41/10.pgm, 41, 
5 5 ImagenesCaras/s1/10.pgm, 3, 
5 5 ImagenesCaras/s2/10.pgm, 2, 
5 5 ImagenesCaras/s3/10.pgm, 4, 
5 5 ImagenesCaras/s4/10.pgm, 4, 
5 5 ImagenesCaras/s5/10.pgm, 5, 
5 5 ImagenesCaras/s6/10.pgm, 6, 
5 5 ImagenesCaras/s7/10.pgm, 7, 
5 5 ImagenesCaras/s8/10.pgm, 8, 
5 5 ImagenesCaras/s9/10.pgm, 9, 
5 5 ImagenesCaras/s10/10.pgm, 17, 
5 5 ImagenesCaras/s11/10.pgm, 11, 
5 5 ImagenesCaras/s12/10.pgm, 4, 
5 5 ImagenesCaras/s13/10.pgm, 13, 
5 5 ImagenesCaras/s14/10.pgm, 14, 
5 5 ImagenesCaras/s15/10.pgm, 15, 
5 5 ImagenesCaras/s16/10.pgm, 36, 
5 5 ImagenesCaras/s17/10.pgm, 17, 
5 5 ImagenesCaras/s18/10.pgm, 5, 
5 5 ImagenesCaras/s19/10.pgm, 27, 
5 5 ImagenesCaras/s20/10.pgm, 20, 
5 5 ImagenesCaras/s21/10.pgm, 21, 
5 5 ImagenesCaras/s22/10.pgm, 22, 
5 5 ImagenesCaras/s23/10.pgm, 9, 
5 5 ImagenesCaras/s24/10.pgm, 24, 
5 5 ImagenesCaras/s25/10.pgm, 25, 
5 5 ImagenesCaras/s26/10.pgm, 26, 
5 5 ImagenesCaras/s27/10.pgm, 27, 
5 5 ImagenesCaras/s28/10.pgm, 28, 
5 5 ImagenesCaras/s29/10.pgm, 29, 
5 5 ImagenesCaras/s30/10.pgm, 30, 
5 5 ImagenesCaras/s31/10.pgm, 31, 
5 5 ImagenesCaras/s32/10.pgm, 2, 
5 5 ImagenesCaras/s33/10.pgm, 33, 
5 5 ImagenesCaras/s34/10.pgm, 34, 
5 5 ImagenesCaras/s35/10.pgm, 40, 
5 5 ImagenesCaras/s36/10.pgm, 16, 
5 5 ImagenesCaras/s37/10.pgm, 37, 
5 5 ImagenesCaras/s38/10.pgm, 38, 
5 5 ImagenesCaras/s39/10.pgm, 39, 
5 5 ImagenesCaras/s40/10.pgm, 5, 
5 5 ImagenesCaras/s41/10.pgm, 41, 
7 5 ImagenesCaras/s1/10.pgm, 3, 
7 5 ImagenesCaras/s2/10.pgm, 2, 
7 5 ImagenesCaras/s3/10.pgm, 3, 
7 5 ImagenesCaras/s4/10.pgm, 4, 
7 5 ImagenesCaras/s5/10.pgm, 5, 
7 5 ImagenesCaras/s6/10.pgm, 6, 
7 5 ImagenesCaras/s7/10.pgm, 7, 
7 5 ImagenesCaras/s8/10.pgm, 8, 
7 5 ImagenesCaras/s9/10.pgm, 9, 
7 5 ImagenesCaras/s10/10.pgm, 3, 
7 5 ImagenesCaras/s11/10.pgm, 11, 
7 5 ImagenesCaras/s12/10.pgm, 12, 
7 5 ImagenesCaras/s13/10.pgm, 13, 
7 5 ImagenesCaras/s14/10.pgm, 14, 
7 5 ImagenesCaras/s15/10.pgm, 15, 
7 5 ImagenesCaras/s16/10.pgm, 36, 
7 5 ImagenesCaras/s17/10.pgm, 17, 
7 5 ImagenesCaras/s18/10.pgm, 5, 
7 5 ImagenesCaras/s19/10.pgm, 27, 
7 5 ImagenesCaras/s20/10.pgm, 20, 
7 5 ImagenesCaras/s21/10.pgm, 21, 
7 5 ImagenesCaras/s22/10.pgm, 22, 
7 5 ImagenesCaras/s23/10.pgm, 9, 
7 5 ImagenesCaras/s24/10.pgm, 24, 
7 5 ImagenesCaras/s25/10.pgm, 25, 
7 5 ImagenesCaras/s26/10.pgm, 26, 
7 5 ImagenesCaras/s27/10.pgm, 27, 
7 5 ImagenesCaras/s28/10.pgm, 28, 
7 5 ImagenesCaras/s29/10.pgm, 29, 
7 5 ImagenesCaras/s30/10.pgm, 30, 
7 5 ImagenesCaras/s31/10.pgm, 31, 
7 5 ImagenesCaras/s32/10.pgm, 2, 
7 5 ImagenesCaras/s33/10.pgm, 33, 
7 5 ImagenesCaras/s34/10.pgm, 34, 
7 5 ImagenesCaras/s35/10.pgm, 40, 
7 5 ImagenesCaras/s36/10.pgm, 16, 
7 5 ImagenesCaras/s37/10.pgm, 37, 
7 5 ImagenesCaras/s38/10.pgm, 38, 
7 5 ImagenesCaras/s39/10.pgm, 39, 
7 5 ImagenesCaras/s40/10.pgm, 5, 
7 5 ImagenesCaras/s41/10.pgm, 41, 
1 7 ImagenesCaras/s1/10.pgm, 3, 
1 7 ImagenesCaras/s2/10.pgm, 2, 
1 7 ImagenesCaras/s3/10.pgm, 3, 
1 7 ImagenesCaras/s4/10.pgm, 4, 
1 7 ImagenesCaras/s5/10.pgm, 5, 
1 7 ImagenesCaras/s6/10.pgm, 6, 
1 7 ImagenesCaras/s7/10.pgm, 7, 
1 7 ImagenesCaras/s8/10.pgm, 8, 
1 7 ImagenesCaras/s9/10.pgm, 9, 
1 7 ImagenesCaras/s10/10.pgm, 38, 
1 7 ImagenesCaras/s11/10.pgm, 11, 
1 7 ImagenesCaras/s12/10.pgm, 12, 
1 7 ImagenesCaras/s13/10.pgm, 13, 
1 7 ImagenesCaras/s14/10.pgm, 14, 
1 7 ImagenesCaras/s15/10.pgm, 15, 
1 7 ImagenesCaras/s16/10.pgm, 36, 
1 7 ImagenesCaras/s17/10.pgm, 17, 
1 7 ImagenesCaras/s18/10.pgm, 5, 
1 7 ImagenesCaras/s19/10.pgm, 27, 
1 7 ImagenesCaras/s20/10.pgm, 20, 
1 7 ImagenesCaras/s21/10.pgm, 21, 
1 7 ImagenesCaras/s22/10.pgm, 22, 
1 7 ImagenesCaras/s23/10.pgm, 23, 
1 7 ImagenesCaras/s24/10.pgm, 24, 
1 7 ImagenesCaras/s25/10.pgm, 25, 
1 7 ImagenesCaras/s26/10.pgm, 26, 
1 7 ImagenesCaras/s27/10.pgm, 27, 
1 7 ImagenesCaras/s28/10.pgm, 28, 
1 7 ImagenesCaras/s29/10.pgm, 29, 
1 7 ImagenesCaras/s30/10.pgm, 30, 
1 7 ImagenesCaras/s31/10.pgm, 31, 
1 7 ImagenesCaras/s32/10.pgm, 32, 
1 7 ImagenesCaras/s33/10.pgm, 33, 
1 7 ImagenesCaras/s34/10.pgm, 34, 
1 7 ImagenesCaras/s35/10.pgm, 40, 
1 7 ImagenesCaras/s36/10.pgm, 36, 
1 7 ImagenesCaras/s37/10.pgm, 37, 
1 7 ImagenesCaras/s38/10.pgm, 38, 
1 7 ImagenesCaras/s39/10.pgm, 39, 
1 7 ImagenesCaras/s40/10.pgm, 40, 
1 7 ImagenesCaras/s41/10.pgm, 41, 
2 7 ImagenesCaras/s1/10.pgm, 3, 
2 7 ImagenesCaras/s2/10.pgm, 2, 
2 7 ImagenesCaras/s3/10.pgm, 3, 
2 7 ImagenesCaras/s4/10.pgm, 4, 
2 7 ImagenesCaras/s5/10.pgm, 5, 
2 7 ImagenesCaras/s6/10.pgm, 6, 
2 7 ImagenesCaras/s7/10.pgm, 7, 
2 7 ImagenesCaras/s8/10.pgm, 8, 
2 7 ImagenesCaras/s9/10.pgm, 9, 
2 7 ImagenesCaras/s10/10.pgm, 3, 
2 7 ImagenesCaras/s11/10.pgm, 11, 
2 7 ImagenesCaras/s12/10.pgm, 12, 
2 7 ImagenesCaras/s13/10.pgm, 13, 
2 7 ImagenesCaras/s14/10.pgm, 14, 
2 7 ImagenesCaras/s15/10.pgm, 15, 
2 7 ImagenesCaras/s16/10.pgm, 36, 
2 7 ImagenesCaras/s17/10.pgm, 17, 
2 7 ImagenesCaras/s18/10.pgm, 5, 
2 7 ImagenesCaras/s19/10.pgm, 27, 
2 7 ImagenesCaras/s20/10.pgm, 20, 
2 7 ImagenesCaras/s21/10.pgm, 21, 
2 7 ImagenesCaras/s22/10.pgm, 22, 
2 7 ImagenesCaras/s23/10.pgm, 23, 
2 7 ImagenesCaras/s24/10.pgm, 24, 
2 7 ImagenesCaras/s25/10.pgm, 25, 
2 7 ImagenesCaras/s26/10.pgm, 26, 
2 7 ImagenesCaras/s27/10.pgm, 27, 
2 7 ImagenesCaras/s28/10.pgm, 28, 
2 7 ImagenesCaras/s29/10.pgm, 29, 
2 7 ImagenesCaras/s30/10.pgm, 30, 
2 7 ImagenesCaras/s31/10.pgm, 31, 
2 7 ImagenesCaras/s32/10.pgm, 32, 
2 7 ImagenesCaras/s33/10.pgm, 33, 
2 7 ImagenesCaras/s34/10.pgm, 34, 
2 7 ImagenesCaras/s35/10.pgm, 40, 
2 7 ImagenesCaras/s36/10.pgm, 32, 
2 7 ImagenesCaras/s37/10.pgm, 37, 
2 7 ImagenesCaras/s38/10.pgm, 38, 
2 7 ImagenesCaras/s39/10.pgm, 29, 
2 7 ImagenesCaras/s40/10.pgm, 5, 
2 7 ImagenesCaras/s41/10.pgm, 41, 
3 7 ImagenesCaras/s1/10.pgm, 3, 
3 7 ImagenesCaras/s2/10.pgm, 2, 
3 7 ImagenesCaras/s3/10.pgm, 3, 
3 7 ImagenesCaras/s4/10.pgm, 4, 
3 7 ImagenesCaras/s5/10.pgm, 18, 
3 7 ImagenesCaras/s6/10.pgm, 6, 
3 7 ImagenesCaras/s7/10.pgm, 7, 
3 7 ImagenesCaras/s8/10.pgm, 8, 
3 7 ImagenesCaras/s9/10.pgm, 9, 
3 7 ImagenesCaras/s10/10.pgm, 3, 
3 7 ImagenesCaras/s11/10.pgm, 11, 
3 7 ImagenesCaras/s12/10.pgm, 12, 
3 7 ImagenesCaras/s13/10.pgm, 13, 
3 7 ImagenesCaras/s14/10.pgm, 14, 
3 7 ImagenesCaras/s15/10.pgm, 15, 
3 7 ImagenesCaras/s16/10.pgm, 36, 
3 7 ImagenesCaras/s17/10.pgm, 17, 
3 7 ImagenesCaras/s18/10.pgm, 5, 
3 7 ImagenesCaras/s19/10.pgm, 27, 
3 7 ImagenesCaras/s20/10.pgm, 20, 
3 7 ImagenesCaras/s21/10.pgm, 21, 
3 7 ImagenesCaras/s22/10.pgm, 22, 
3 7 ImagenesCaras/s23/10.pgm, 23, 
3 7 ImagenesCaras/s24/10.pgm, 24, 
3 7 ImagenesCaras/s25/10.pgm, 25, 
3 7 ImagenesCaras/s26/10.pgm, 26, 
3 7 ImagenesCaras/s27/10.pgm, 27, 
3 7 ImagenesCaras/s28/10.pgm, 28, 
3 7 ImagenesCaras/s29/10.pgm, 29, 
3 7 ImagenesCaras/s30/10.pgm, 30, 
3 7 ImagenesCaras/s31/10.pgm, 31, 
3 7 ImagenesCaras/s32/10.pgm, 32, 
3 7 ImagenesCaras/s33/10.pgm, 33, 
3 7 ImagenesCaras/s34/10.pgm, 34, 
3 7 ImagenesCaras/s35/10.pgm, 40, 
3 7 ImagenesCaras/s36/10.pgm, 16, 
3 7 ImagenesCaras/s37/10.pgm, 37, 
3 7 ImagenesCaras/s38/10.pgm, 38, 
3 7 ImagenesCaras/s39/10.pgm, 39, 
3 7 ImagenesCaras/s40/10.pgm, 5, 
3 7 ImagenesCaras/s41/10.pgm, 41, 
5 7 ImagenesCaras/s1/10.pgm, 3, 
5 7 ImagenesCaras/s2/10.pgm, 2, 
5 7 ImagenesCaras/s3/10.pgm, 3, 
5 7 ImagenesCaras/s4/10.pgm, 4, 
5 7 ImagenesCaras/s5/10.pgm, 18, 
5 7 ImagenesCaras/s6/10.pgm, 6, 
5 7 ImagenesCaras/s7/10.pgm, 7, 
5 7 ImagenesCaras/s8/10.pgm, 8, 
5 7 ImagenesCaras/s9/10.pgm, 9, 
5 7 ImagenesCaras/s10/10.pgm, 3, 
5 7 ImagenesCaras/s11/10.pgm, 11, 
5 7 ImagenesCaras/s12/10.pgm, 12, 
5 7 ImagenesCaras/s13/10.pgm, 13, 
5 7 ImagenesCaras/s14/10.pgm, 14, 
5 7 ImagenesCaras/s15/10.pgm, 15, 
5 7 ImagenesCaras/s16/10.pgm, 16, 
5 7 ImagenesCaras/s17/10.pgm, 17, 
5 7 ImagenesCaras/s18/10.pgm, 5, 
5 7 ImagenesCaras/s19/10.pgm, 27, 
5 7 ImagenesCaras/s20/10.pgm, 20, 
5 7 ImagenesCaras/s21/10.pgm, 21, 
5 7 ImagenesCaras/s22/10.pgm, 22, 
5 7 ImagenesCaras/s23/10.pgm, 9, 
5 7 ImagenesCaras/s24/10.pgm, 24, 
5 7 ImagenesCaras/s25/10.pgm, 25, 
5 7 ImagenesCaras/s26/10.pgm, 26, 
5 7 ImagenesCaras/s27/10.pgm, 27, 
5 7 ImagenesCaras/s28/10.pgm, 28, 
5 7 ImagenesCaras/s29/10.pgm, 29, 
5 7 ImagenesCaras/s30/10.pgm, 30, 
5 7 ImagenesCaras/s31/10.pgm, 31, 
5 7 ImagenesCaras/s32/10.pgm, 2, 
5 7 ImagenesCaras/s33/10.pgm, 33, 
5 7 ImagenesCaras/s34/10.pgm, 34, 
5 7 ImagenesCaras/s35/10.pgm, 40, 
5 7 ImagenesCaras/s36/10.pgm, 16, 
5 7 ImagenesCaras/s37/10.pgm, 37, 
5 7 ImagenesCaras/s38/10.pgm, 38, 
5 7 ImagenesCaras/s39/10.pgm, 39, 
5 7 ImagenesCaras/s40/10.pgm, 5, 
5 7 ImagenesCaras/s41/10.pgm, 41, 
7 7 ImagenesCaras/s1/10.pgm, 3, 
7 7 ImagenesCaras/s2/10.pgm, 2, 
7 7 ImagenesCaras/s3/10.pgm, 3, 
7 7 ImagenesCaras/s4/10.pgm, 4, 
7 7 ImagenesCaras/s5/10.pgm, 5, 
7 7 ImagenesCaras/s6/10.pgm, 6, 
7 7 ImagenesCaras/s7/10.pgm, 7, 
7 7 ImagenesCaras/s8/10.pgm, 8, 
7 7 ImagenesCaras/s9/10.pgm, 9, 
7 7 ImagenesCaras/s10/10.pgm, 3, 
7 7 ImagenesCaras/s11/10.pgm, 11, 
7 7 ImagenesCaras/s12/10.pgm, 12, 
7 7 ImagenesCaras/s13/10.pgm, 13, 
7 7 ImagenesCaras/s14/10.pgm, 14, 
7 7 ImagenesCaras/s15/10.pgm, 15, 
7 7 ImagenesCaras/s16/10.pgm, 16, 
7 7 ImagenesCaras/s17/10.pgm, 17, 
7 7 ImagenesCaras/s18/10.pgm, 5, 
7 7 ImagenesCaras/s19/10.pgm, 27, 
7 7 ImagenesCaras/s20/10.pgm, 20, 
7 7 ImagenesCaras/s21/10.pgm, 21, 
7 7 ImagenesCaras/s22/10.pgm, 22, 
7 7 ImagenesCaras/s23/10.pgm, 9, 
7 7 ImagenesCaras/s24/10.pgm, 24, 
7 7 ImagenesCaras/s25/10.pgm, 25, 
7 7 ImagenesCaras/s26/10.pgm, 26, 
7 7 ImagenesCaras/s27/10.pgm, 27, 
7 7 ImagenesCaras/s28/10.pgm, 28, 
7 7 ImagenesCaras/s29/10.pgm, 29, 
7 7 ImagenesCaras/s30/10.pgm, 30, 
7 7 ImagenesCaras/s31/10.pgm, 31, 
7 7 ImagenesCaras/s32/10.pgm, 2, 
7 7 ImagenesCaras/s33/10.pgm, 33, 
7 7 ImagenesCaras/s34/10.pgm, 34, 
7 7 ImagenesCaras/s35/10.pgm, 40, 
7 7 ImagenesCaras/s36/10.pgm, 16, 
7 7 ImagenesCaras/s37/10.pgm, 37, 
7 7 ImagenesCaras/s38/10.pgm, 38, 
7 7 ImagenesCaras/s39/10.pgm, 39, 
7 7 ImagenesCaras/s40/10.pgm, 5, 
7 7 ImagenesCaras/s41/10.pgm, 41, 
1 10 ImagenesCaras/s1/10.pgm, 3, 
1 10 ImagenesCaras/s2/10.pgm, 2, 
1 10 ImagenesCaras/s3/10.pgm, 3, 
1 10 ImagenesCaras/s4/10.pgm, 4, 
1 10 ImagenesCaras/s5/10.pgm, 5, 
1 10 ImagenesCaras/s6/10.pgm, 6, 
1 10 ImagenesCaras/s7/10.pgm, 7, 
1 10 ImagenesCaras/s8/10.pgm, 8, 
1 10 ImagenesCaras/s9/10.pgm, 9, 
1 10 ImagenesCaras/s10/10.pgm, 38, 
1 10 ImagenesCaras/s11/10.pgm, 11, 
1 10 ImagenesCaras/s12/10.pgm, 12, 
1 10 ImagenesCaras/s13/10.pgm, 13, 
1 10 ImagenesCaras/s14/10.pgm, 14, 
1 10 ImagenesCaras/s15/10.pgm, 15, 
1 10 ImagenesCaras/s16/10.pgm, 16, 
1 10 ImagenesCaras/s17/10.pgm, 17, 
1 10 ImagenesCaras/s18/10.pgm, 18, 
1 10 ImagenesCaras/s19/10.pgm, 19, 
1 10 ImagenesCaras/s20/10.pgm, 20, 
1 10 ImagenesCaras/s21/10.pgm, 21, 
1 10 ImagenesCaras/s22/10.pgm, 22, 
1 10 ImagenesCaras/s23/10.pgm, 23, 
1 10 ImagenesCaras/s24/10.pgm, 24, 
1 10 ImagenesCaras/s25/10.pgm, 25, 
1 10 ImagenesCaras/s26/10.pgm, 26, 
1 10 ImagenesCaras/s27/10.pgm, 27, 
1 10 ImagenesCaras/s28/10.pgm, 28, 
1 10 ImagenesCaras/s29/10.pgm, 29, 
1 10 ImagenesCaras/s30/10.pgm, 30, 
1 10 ImagenesCaras/s31/10.pgm, 31, 
1 10 ImagenesCaras/s32/10.pgm, 32, 
1 10 ImagenesCaras/s33/10.pgm, 33, 
1 10 ImagenesCaras/s34/10.pgm, 34, 
1 10 ImagenesCaras/s35/10.pgm, 40, 
1 10 ImagenesCaras/s36/10.pgm, 36, 
1 10 ImagenesCaras/s37/10.pgm, 37, 
1 10 ImagenesCaras/s38/10.pgm, 38, 
1 10 ImagenesCaras/s39/10.pgm, 39, 
1 10 ImagenesCaras/s40/10.pgm, 40, 
1 10 ImagenesCaras/s41/10.pgm, 41, 
2 10 ImagenesCaras/s1/10.pgm, 3, 
2 10 ImagenesCaras/s2/10.pgm, 2, 
2 10 ImagenesCaras/s3/10.pgm, 3, 
2 10 ImagenesCaras/s4/10.pgm, 4, 
2 10 ImagenesCaras/s5/10.pgm, 5, 
2 10 ImagenesCaras/s6/10.pgm, 6, 
2 10 ImagenesCaras/s7/10.pgm, 7, 
2 10 ImagenesCaras/s8/10.pgm, 8, 
2 10 ImagenesCaras/s9/10.pgm, 9, 
2 10 ImagenesCaras/s10/10.pgm, 8, 
2 10 ImagenesCaras/s11/10.pgm, 11, 
2 10 ImagenesCaras/s12/10.pgm, 12, 
2 10 ImagenesCaras/s13/10.pgm, 13, 
2 10 ImagenesCaras/s14/10.pgm, 14, 
2 10 ImagenesCaras/s15/10.pgm, 15, 
2 10 ImagenesCaras/s16/10.pgm, 16, 
2 10 ImagenesCaras/s17/10.pgm, 17, 
2 10 ImagenesCaras/s18/10.pgm, 18, 
2 10 ImagenesCaras/s19/10.pgm, 19, 
2 10 ImagenesCaras/s20/10.pgm, 20, 
2 10 ImagenesCaras/s21/10.pgm, 21, 
2 10 ImagenesCaras/s22/10.pgm, 22, 
2 10 ImagenesCaras/s23/10.pgm, 23, 
2 10 ImagenesCaras/s24/10.pgm, 24, 
2 10 ImagenesCaras/s25/10.pgm, 25, 
2 10 ImagenesCaras/s26/10.pgm, 26, 
2 10 ImagenesCaras/s27/10.pgm, 27, 
2 10 ImagenesCaras/s28/10.pgm, 28, 
2 10 ImagenesCaras/s29/10.pgm, 29, 
2 10 ImagenesCaras/s30/10.pgm, 30, 
2 10 ImagenesCaras/s31/10.pgm, 31, 
2 10 ImagenesCaras/s32/10.pgm, 32, 
2 10 ImagenesCaras/s33/10.pgm, 33, 
2 10 ImagenesCaras/s34/10.pgm, 34, 
2 10 ImagenesCaras/s35/10.pgm, 35, 
2 10 ImagenesCaras/s36/10.pgm, 17, 
2 10 ImagenesCaras/s37/10.pgm, 37, 
2 10 ImagenesCaras/s38/10.pgm, 38, 
2 10 ImagenesCaras/s39/10.pgm, 22, 
2 10 ImagenesCaras/s40/10.pgm, 5, 
2 10 ImagenesCaras/s41/10.pgm, 41, 
3 10 ImagenesCaras/s1/10.pgm, 3, 
3 10 ImagenesCaras/s2/10.pgm, 2, 
3 10 ImagenesCaras/s3/10.pgm, 3, 
3 10 ImagenesCaras/s4/10.pgm, 4, 
3 10 ImagenesCaras/s5/10.pgm, 5, 
3 10 ImagenesCaras/s6/10.pgm, 6, 
3 10 ImagenesCaras/s7/10.pgm, 7, 
3 10 ImagenesCaras/s8/10.pgm, 8, 
3 10 ImagenesCaras/s9/10.pgm, 9, 
3 10 ImagenesCaras/s10/10.pgm, 3, 
3 10 ImagenesCaras/s11/10.pgm, 11, 
3 10 ImagenesCaras/s12/10.pgm, 12, 
3 10 ImagenesCaras/s13/10.pgm, 13, 
3 10 ImagenesCaras/s14/10.pgm, 14, 
3 10 ImagenesCaras/s15/10.pgm, 15, 
3 10 ImagenesCaras/s16/10.pgm, 16, 
3 10 ImagenesCaras/s17/10.pgm, 17, 
3 10 ImagenesCaras/s18/10.pgm, 18, 
3 10 ImagenesCaras/s19/10.pgm, 19, 
3 10 ImagenesCaras/s20/10.pgm, 20, 
3 10 ImagenesCaras/s21/10.pgm, 21, 
3 10 ImagenesCaras/s22/10.pgm, 22, 
3 10 ImagenesCaras/s23/10.pgm, 23, 
3 10 ImagenesCaras/s24/10.pgm, 24, 
3 10 ImagenesCaras/s25/10.pgm, 25, 
3 10 ImagenesCaras/s26/10.pgm, 26, 
3 10 ImagenesCaras/s27/10.pgm, 27, 
3 10 ImagenesCaras/s28/10.pgm, 28, 
3 10 ImagenesCaras/s29/10.pgm, 29, 
3 10 ImagenesCaras/s30/10.pgm, 30, 
3 10 ImagenesCaras/s31/10.pgm, 31, 
3 10 ImagenesCaras/s32/10.pgm, 32, 
3 10 ImagenesCaras/s33/10.pgm, 33, 
3 10 ImagenesCaras/s34/10.pgm, 34, 
3 10 ImagenesCaras/s35/10.pgm, 40, 
3 10 ImagenesCaras/s36/10.pgm, 36, 
3 10 ImagenesCaras/s37/10.pgm, 37, 
3 10 ImagenesCaras/s38/10.pgm, 38, 
3 10 ImagenesCaras/s39/10.pgm, 22, 
3 10 ImagenesCaras/s40/10.pgm, 5, 
3 10 ImagenesCaras/s41/10.pgm, 41, 
5 10 ImagenesCaras/s1/10.pgm, 3, 
5 10 ImagenesCaras/s2/10.pgm, 2, 
5 10 ImagenesCaras/s3/10.pgm, 3, 
5 10 ImagenesCaras/s4/10.pgm, 4, 
5 10 ImagenesCaras/s5/10.pgm, 18, 
5 10 ImagenesCaras/s6/10.pgm, 6, 
5 10 ImagenesCaras/s7/10.pgm, 7, 
5 10 ImagenesCaras/s8/10.pgm, 8, 
5 10 ImagenesCaras/s9/10.pgm, 9, 
5 10 ImagenesCaras/s10/10.pgm, 3, 
5 10 ImagenesCaras/s11/10.pgm, 11, 
5 10 ImagenesCaras/s12/10.pgm, 12, 
5 10 ImagenesCaras/s13/10.pgm, 13, 
5 10 ImagenesCaras/s14/10.pgm, 14, 
5 10 ImagenesCaras/s15/10.pgm, 15, 
5 10 ImagenesCaras/s16/10.pgm, 16, 
5 10 ImagenesCaras/s17/10.pgm, 17, 
5 10 ImagenesCaras/s18/10.pgm, 18, 
5 10 ImagenesCaras/s19/10.pgm, 19, 
5 10 ImagenesCaras/s20/10.pgm, 20, 
5 10 ImagenesCaras/s21/10.pgm, 21, 
5 10 ImagenesCaras/s22/10.pgm, 22, 
5 10 ImagenesCaras/s23/10.pgm, 23, 
5 10 ImagenesCaras/s24/10.pgm, 24, 
5 10 ImagenesCaras/s25/10.pgm, 25, 
5 10 ImagenesCaras/s26/10.pgm, 26, 
5 10 ImagenesCaras/s27/10.pgm, 27, 
5 10 ImagenesCaras/s28/10.pgm, 28, 
5 10 ImagenesCaras/s29/10.pgm, 29, 
5 10 ImagenesCaras/s30/10.pgm, 30, 
5 10 ImagenesCaras/s31/10.pgm, 31, 
5 10 ImagenesCaras/s32/10.pgm, 32, 
5 10 ImagenesCaras/s33/10.pgm, 33, 
5 10 ImagenesCaras/s34/10.pgm, 34, 
5 10 ImagenesCaras/s35/10.pgm, 40, 
5 10 ImagenesCaras/s36/10.pgm, 36, 
5 10 ImagenesCaras/s37/10.pgm, 37, 
5 10 ImagenesCaras/s38/10.pgm, 38, 
5 10 ImagenesCaras/s39/10.pgm, 39, 
5 10 ImagenesCaras/s40/10.pgm, 5, 
5 10 ImagenesCaras/s41/10.pgm, 41, 
7 10 ImagenesCaras/s1/10.pgm, 3, 
7 10 ImagenesCaras/s2/10.pgm, 2, 
7 10 ImagenesCaras/s3/10.pgm, 3, 
7 10 ImagenesCaras/s4/10.pgm, 4, 
7 10 ImagenesCaras/s5/10.pgm, 40, 
7 10 ImagenesCaras/s6/10.pgm, 6, 
7 10 ImagenesCaras/s7/10.pgm, 7, 
7 10 ImagenesCaras/s8/10.pgm, 8, 
7 10 ImagenesCaras/s9/10.pgm, 9, 
7 10 ImagenesCaras/s10/10.pgm, 3, 
7 10 ImagenesCaras/s11/10.pgm, 11, 
7 10 ImagenesCaras/s12/10.pgm, 12, 
7 10 ImagenesCaras/s13/10.pgm, 13, 
7 10 ImagenesCaras/s14/10.pgm, 14, 
7 10 ImagenesCaras/s15/10.pgm, 15, 
7 10 ImagenesCaras/s16/10.pgm, 16, 
7 10 ImagenesCaras/s17/10.pgm, 17, 
7 10 ImagenesCaras/s18/10.pgm, 18, 
7 10 ImagenesCaras/s19/10.pgm, 19, 
7 10 ImagenesCaras/s20/10.pgm, 20, 
7 10 ImagenesCaras/s21/10.pgm, 21, 
7 10 ImagenesCaras/s22/10.pgm, 22, 
7 10 ImagenesCaras/s23/10.pgm, 9, 
7 10 ImagenesCaras/s24/10.pgm, 24, 
7 10 ImagenesCaras/s25/10.pgm, 25, 
7 10 ImagenesCaras/s26/10.pgm, 26, 
7 10 ImagenesCaras/s27/10.pgm, 27, 
7 10 ImagenesCaras/s28/10.pgm, 28, 
7 10 ImagenesCaras/s29/10.pgm, 39, 
7 10 ImagenesCaras/s30/10.pgm, 30, 
7 10 ImagenesCaras/s31/10.pgm, 31, 
7 10 ImagenesCaras/s32/10.pgm, 32, 
7 10 ImagenesCaras/s33/10.pgm, 33, 
7 10 ImagenesCaras/s34/10.pgm, 34, 
7 10 ImagenesCaras/s35/10.pgm, 40, 
7 10 ImagenesCaras/s36/10.pgm, 17, 
7 10 ImagenesCaras/s37/10.pgm, 37, 
7 10 ImagenesCaras/s38/10.pgm, 38, 
7 10 ImagenesCaras/s39/10.pgm, 39, 
7 10 ImagenesCaras/s40/10.pgm, 5, 
7 10 ImagenesCaras/s41/10.pgm, 41, 
1 20 ImagenesCaras/s1/10.pgm, 3, 
1 20 ImagenesCaras/s2/10.pgm, 2, 
1 20 ImagenesCaras/s3/10.pgm, 3, 
1 20 ImagenesCaras/s4/10.pgm, 4, 
1 20 ImagenesCaras/s5/10.pgm, 40, 
1 20 ImagenesCaras/s6/10.pgm, 6, 
1 20 ImagenesCaras/s7/10.pgm, 7, 
1 20 ImagenesCaras/s8/10.pgm, 8, 
1 20 ImagenesCaras/s9/10.pgm, 9, 
1 20 ImagenesCaras/s10/10.pgm, 38, 
1 20 ImagenesCaras/s11/10.pgm, 11, 
1 20 ImagenesCaras/s12/10.pgm, 12, 
1 20 ImagenesCaras/s13/10.pgm, 13, 
1 20 ImagenesCaras/s14/10.pgm, 14, 
1 20 ImagenesCaras/s15/10.pgm, 15, 
1 20 ImagenesCaras/s16/10.pgm, 16, 
1 20 ImagenesCaras/s17/10.pgm, 17, 
1 20 ImagenesCaras/s18/10.pgm, 18, 
1 20 ImagenesCaras/s19/10.pgm, 19, 
1 20 ImagenesCaras/s20/10.pgm, 20, 
1 20 ImagenesCaras/s21/10.pgm, 21, 
1 20 ImagenesCaras/s22/10.pgm, 22, 
1 20 ImagenesCaras/s23/10.pgm, 23, 
1 20 ImagenesCaras/s24/10.pgm, 24, 
1 20 ImagenesCaras/s25/10.pgm, 25, 
1 20 ImagenesCaras/s26/10.pgm, 26, 
1 20 ImagenesCaras/s27/10.pgm, 27, 
1 20 ImagenesCaras/s28/10.pgm, 28, 
1 20 ImagenesCaras/s29/10.pgm, 29, 
1 20 ImagenesCaras/s30/10.pgm, 30, 
1 20 ImagenesCaras/s31/10.pgm, 31, 
1 20 ImagenesCaras/s32/10.pgm, 32, 
1 20 ImagenesCaras/s33/10.pgm, 33, 
1 20 ImagenesCaras/s34/10.pgm, 34, 
1 20 ImagenesCaras/s35/10.pgm, 40, 
1 20 ImagenesCaras/s36/10.pgm, 36, 
1 20 ImagenesCaras/s37/10.pgm, 37, 
1 20 ImagenesCaras/s38/10.pgm, 38, 
1 20 ImagenesCaras/s39/10.pgm, 39, 
1 20 ImagenesCaras/s40/10.pgm, 40, 
1 20 ImagenesCaras/s41/10.pgm, 41, 
2 20 ImagenesCaras/s1/10.pgm, 3, 
2 20 ImagenesCaras/s2/10.pgm, 2, 
2 20 ImagenesCaras/s3/10.pgm, 3, 
2 20 ImagenesCaras/s4/10.pgm, 4, 
2 20 ImagenesCaras/s5/10.pgm, 18, 
2 20 ImagenesCaras/s6/10.pgm, 6, 
2 20 ImagenesCaras/s7/10.pgm, 7, 
2 20 ImagenesCaras/s8/10.pgm, 8, 
2 20 ImagenesCaras/s9/10.pgm, 9, 
2 20 ImagenesCaras/s10/10.pgm, 8, 
2 20 ImagenesCaras/s11/10.pgm, 11, 
2 20 ImagenesCaras/s12/10.pgm, 12, 
2 20 ImagenesCaras/s13/10.pgm, 13, 
2 20 ImagenesCaras/s14/10.pgm, 14, 
2 20 ImagenesCaras/s15/10.pgm, 15, 
2 20 ImagenesCaras/s16/10.pgm, 16, 
2 20 ImagenesCaras/s17/10.pgm, 17, 
2 20 ImagenesCaras/s18/10.pgm, 18, 
2 20 ImagenesCaras/s19/10.pgm, 19, 
2 20 ImagenesCaras/s20/10.pgm, 20, 
2 20 ImagenesCaras/s21/10.pgm, 21, 
2 20 ImagenesCaras/s22/10.pgm, 22, 
2 20 ImagenesCaras/s23/10.pgm, 23, 
2 20 ImagenesCaras/s24/10.pgm, 24, 
2 20 ImagenesCaras/s25/10.pgm, 25, 
2 20 ImagenesCaras/s26/10.pgm, 26, 
2 20 ImagenesCaras/s27/10.pgm, 27, 
2 20 ImagenesCaras/s28/10.pgm, 28, 
2 20 ImagenesCaras/s29/10.pgm, 29, 
2 20 ImagenesCaras/s30/10.pgm, 30, 
2 20 ImagenesCaras/s31/10.pgm, 31, 
2 20 ImagenesCaras/s32/10.pgm, 32, 
2 20 ImagenesCaras/s33/10.pgm, 33, 
2 20 ImagenesCaras/s34/10.pgm, 34, 
2 20 ImagenesCaras/s35/10.pgm, 35, 
2 20 ImagenesCaras/s36/10.pgm, 36, 
2 20 ImagenesCaras/s37/10.pgm, 37, 
2 20 ImagenesCaras/s38/10.pgm, 38, 
2 20 ImagenesCaras/s39/10.pgm, 22, 
2 20 ImagenesCaras/s40/10.pgm, 5, 
2 20 ImagenesCaras/s41/10.pgm, 41, 
3 20 ImagenesCaras/s1/10.pgm, 1, 
3 20 ImagenesCaras/s2/10.pgm, 2, 
3 20 ImagenesCaras/s3/10.pgm, 3, 
3 20 ImagenesCaras/s4/10.pgm, 4, 
3 20 ImagenesCaras/s5/10.pgm, 5, 
3 20 ImagenesCaras/s6/10.pgm, 6, 
3 20 ImagenesCaras/s7/10.pgm, 7, 
3 20 ImagenesCaras/s8/10.pgm, 8, 
3 20 ImagenesCaras/s9/10.pgm, 9, 
3 20 ImagenesCaras/s10/10.pgm, 8, 
3 20 ImagenesCaras/s11/10.pgm, 11, 
3 20 ImagenesCaras/s12/10.pgm, 12, 
3 20 ImagenesCaras/s13/10.pgm, 13, 
3 20 ImagenesCaras/s14/10.pgm, 14, 
3 20 ImagenesCaras/s15/10.pgm, 15, 
3 20 ImagenesCaras/s16/10.pgm, 16, 
3 20 ImagenesCaras/s17/10.pgm, 17, 
3 20 ImagenesCaras/s18/10.pgm, 18, 
3 20 ImagenesCaras/s19/10.pgm, 19, 
3 20 ImagenesCaras/s20/10.pgm, 20, 
3 20 ImagenesCaras/s21/10.pgm, 21, 
3 20 ImagenesCaras/s22/10.pgm, 22, 
3 20 ImagenesCaras/s23/10.pgm, 23, 
3 20 ImagenesCaras/s24/10.pgm, 24, 
3 20 ImagenesCaras/s25/10.pgm, 25, 
3 20 ImagenesCaras/s26/10.pgm, 26, 
3 20 ImagenesCaras/s27/10.pgm, 27, 
3 20 ImagenesCaras/s28/10.pgm, 28, 
3 20 ImagenesCaras/s29/10.pgm, 29, 
3 20 ImagenesCaras/s30/10.pgm, 30, 
3 20 ImagenesCaras/s31/10.pgm, 31, 
3 20 ImagenesCaras/s32/10.pgm, 32, 
3 20 ImagenesCaras/s33/10.pgm, 33, 
3 20 ImagenesCaras/s34/10.pgm, 34, 
3 20 ImagenesCaras/s35/10.pgm, 40, 
3 20 ImagenesCaras/s36/10.pgm, 36, 
3 20 ImagenesCaras/s37/10.pgm, 37, 
3 20 ImagenesCaras/s38/10.pgm, 38, 
3 20 ImagenesCaras/s39/10.pgm, 22, 
3 20 ImagenesCaras/s40/10.pgm, 5, 
3 20 ImagenesCaras/s41/10.pgm, 41, 
5 20 ImagenesCaras/s1/10.pgm, 12, 
5 20 ImagenesCaras/s2/10.pgm, 2, 
5 20 ImagenesCaras/s3/10.pgm, 3, 
5 20 ImagenesCaras/s4/10.pgm, 4, 
5 20 ImagenesCaras/s5/10.pgm, 18, 
5 20 ImagenesCaras/s6/10.pgm, 6, 
5 20 ImagenesCaras/s7/10.pgm, 7, 
5 20 ImagenesCaras/s8/10.pgm, 8, 
5 20 ImagenesCaras/s9/10.pgm, 9, 
5 20 ImagenesCaras/s10/10.pgm, 8, 
5 20 ImagenesCaras/s11/10.pgm, 11, 
5 20 ImagenesCaras/s12/10.pgm, 12, 
5 20 ImagenesCaras/s13/10.pgm, 13, 
5 20 ImagenesCaras/s14/10.pgm, 14, 
5 20 ImagenesCaras/s15/10.pgm, 15, 
5 20 ImagenesCaras/s16/10.pgm, 16, 
5 20 ImagenesCaras/s17/10.pgm, 17, 
5 20 ImagenesCaras/s18/10.pgm, 18, 
5 20 ImagenesCaras/s19/10.pgm, 19, 
5 20 ImagenesCaras/s20/10.pgm, 20, 
5 20 ImagenesCaras/s21/10.pgm, 21, 
5 20 ImagenesCaras/s22/10.pgm, 22, 
5 20 ImagenesCaras/s23/10.pgm, 38, 
5 20 ImagenesCaras/s24/10.pgm, 24, 
5 20 ImagenesCaras/s25/10.pgm, 25, 
5 20 ImagenesCaras/s26/10.pgm, 26, 
5 20 ImagenesCaras/s27/10.pgm, 27, 
5 20 ImagenesCaras/s28/10.pgm, 28, 
5 20 ImagenesCaras/s29/10.pgm, 29, 
5 20 ImagenesCaras/s30/10.pgm, 30, 
5 20 ImagenesCaras/s31/10.pgm, 31, 
5 20 ImagenesCaras/s32/10.pgm, 32, 
5 20 ImagenesCaras/s33/10.pgm, 33, 
5 20 ImagenesCaras/s34/10.pgm, 34, 
5 20 ImagenesCaras/s35/10.pgm, 40, 
5 20 ImagenesCaras/s36/10.pgm, 36, 
5 20 ImagenesCaras/s37/10.pgm, 37, 
5 20 ImagenesCaras/s38/10.pgm, 38, 
5 20 ImagenesCaras/s39/10.pgm, 29, 
5 20 ImagenesCaras/s40/10.pgm, 5, 
5 20 ImagenesCaras/s41/10.pgm, 13, 
7 20 ImagenesCaras/s1/10.pgm, 3, 
7 20 ImagenesCaras/s2/10.pgm, 2, 
7 20 ImagenesCaras/s3/10.pgm, 3, 
7 20 ImagenesCaras/s4/10.pgm, 4, 
7 20 ImagenesCaras/s5/10.pgm, 18, 
7 20 ImagenesCaras/s6/10.pgm, 6, 
7 20 ImagenesCaras/s7/10.pgm, 7, 
7 20 ImagenesCaras/s8/10.pgm, 8, 
7 20 ImagenesCaras/s9/10.pgm, 9, 
7 20 ImagenesCaras/s10/10.pgm, 3, 
7 20 ImagenesCaras/s11/10.pgm, 11, 
7 20 ImagenesCaras/s12/10.pgm, 12, 
7 20 ImagenesCaras/s13/10.pgm, 13, 
7 20 ImagenesCaras/s14/10.pgm, 14, 
7 20 ImagenesCaras/s15/10.pgm, 15, 
7 20 ImagenesCaras/s16/10.pgm, 27, 
7 20 ImagenesCaras/s17/10.pgm, 17, 
7 20 ImagenesCaras/s18/10.pgm, 18, 
7 20 ImagenesCaras/s19/10.pgm, 19, 
7 20 ImagenesCaras/s20/10.pgm, 20, 
7 20 ImagenesCaras/s21/10.pgm, 21, 
7 20 ImagenesCaras/s22/10.pgm, 22, 
7 20 ImagenesCaras/s23/10.pgm, 38, 
7 20 ImagenesCaras/s24/10.pgm, 24, 
7 20 ImagenesCaras/s25/10.pgm, 25, 
7 20 ImagenesCaras/s26/10.pgm, 26, 
7 20 ImagenesCaras/s27/10.pgm, 27, 
7 20 ImagenesCaras/s28/10.pgm, 28, 
7 20 ImagenesCaras/s29/10.pgm, 29, 
7 20 ImagenesCaras/s30/10.pgm, 30, 
7 20 ImagenesCaras/s31/10.pgm, 31, 
7 20 ImagenesCaras/s32/10.pgm, 32, 
7 20 ImagenesCaras/s33/10.pgm, 33, 
7 20 ImagenesCaras/s34/10.pgm, 34, 
7 20 ImagenesCaras/s35/10.pgm, 40, 
7 20 ImagenesCaras/s36/10.pgm, 17, 
7 20 ImagenesCaras/s37/10.pgm, 37, 
7 20 ImagenesCaras/s38/10.pgm, 38, 
7 20 ImagenesCaras/s39/10.pgm, 39, 
7 20 ImagenesCaras/s40/10.pgm, 5, 
7 20 ImagenesCaras/s41/10.pgm, 13, 
1 30 ImagenesCaras/s1/10.pgm, 3, 
1 30 ImagenesCaras/s2/10.pgm, 2, 
1 30 ImagenesCaras/s3/10.pgm, 3, 
1 30 ImagenesCaras/s4/10.pgm, 4, 
1 30 ImagenesCaras/s5/10.pgm, 40, 
1 30 ImagenesCaras/s6/10.pgm, 6, 
1 30 ImagenesCaras/s7/10.pgm, 7, 
1 30 ImagenesCaras/s8/10.pgm, 8, 
1 30 ImagenesCaras/s9/10.pgm, 9, 
1 30 ImagenesCaras/s10/10.pgm, 38, 
1 30 ImagenesCaras/s11/10.pgm, 11, 
1 30 ImagenesCaras/s12/10.pgm, 12, 
1 30 ImagenesCaras/s13/10.pgm, 13, 
1 30 ImagenesCaras/s14/10.pgm, 14, 
1 30 ImagenesCaras/s15/10.pgm, 15, 
1 30 ImagenesCaras/s16/10.pgm, 16, 
1 30 ImagenesCaras/s17/10.pgm, 17, 
1 30 ImagenesCaras/s18/10.pgm, 18, 
1 30 ImagenesCaras/s19/10.pgm, 19, 
1 30 ImagenesCaras/s20/10.pgm, 20, 
1 30 ImagenesCaras/s21/10.pgm, 21, 
1 30 ImagenesCaras/s22/10.pgm, 22, 
1 30 ImagenesCaras/s23/10.pgm, 23, 
1 30 ImagenesCaras/s24/10.pgm, 24, 
1 30 ImagenesCaras/s25/10.pgm, 25, 
1 30 ImagenesCaras/s26/10.pgm, 26, 
1 30 ImagenesCaras/s27/10.pgm, 27, 
1 30 ImagenesCaras/s28/10.pgm, 28, 
1 30 ImagenesCaras/s29/10.pgm, 29, 
1 30 ImagenesCaras/s30/10.pgm, 30, 
1 30 ImagenesCaras/s31/10.pgm, 31, 
1 30 ImagenesCaras/s32/10.pgm, 32, 
1 30 ImagenesCaras/s33/10.pgm, 33, 
1 30 ImagenesCaras/s34/10.pgm, 34, 
1 30 ImagenesCaras/s35/10.pgm, 35, 
1 30 ImagenesCaras/s36/10.pgm, 36, 
1 30 ImagenesCaras/s37/10.pgm, 37, 
1 30 ImagenesCaras/s38/10.pgm, 38, 
1 30 ImagenesCaras/s39/10.pgm, 39, 
1 30 ImagenesCaras/s40/10.pgm, 40, 
1 30 ImagenesCaras/s41/10.pgm, 41, 
2 30 ImagenesCaras/s1/10.pgm, 3, 
2 30 ImagenesCaras/s2/10.pgm, 2, 
2 30 ImagenesCaras/s3/10.pgm, 3, 
2 30 ImagenesCaras/s4/10.pgm, 4, 
2 30 ImagenesCaras/s5/10.pgm, 18, 
2 30 ImagenesCaras/s6/10.pgm, 6, 
2 30 ImagenesCaras/s7/10.pgm, 7, 
2 30 ImagenesCaras/s8/10.pgm, 8, 
2 30 ImagenesCaras/s9/10.pgm, 9, 
2 30 ImagenesCaras/s10/10.pgm, 8, 
2 30 ImagenesCaras/s11/10.pgm, 11, 
2 30 ImagenesCaras/s12/10.pgm, 12, 
2 30 ImagenesCaras/s13/10.pgm, 13, 
2 30 ImagenesCaras/s14/10.pgm, 14, 
2 30 ImagenesCaras/s15/10.pgm, 15, 
2 30 ImagenesCaras/s16/10.pgm, 16, 
2 30 ImagenesCaras/s17/10.pgm, 17, 
2 30 ImagenesCaras/s18/10.pgm, 18, 
2 30 ImagenesCaras/s19/10.pgm, 19, 
2 30 ImagenesCaras/s20/10.pgm, 20, 
2 30 ImagenesCaras/s21/10.pgm, 21, 
2 30 ImagenesCaras/s22/10.pgm, 22, 
2 30 ImagenesCaras/s23/10.pgm, 23, 
2 30 ImagenesCaras/s24/10.pgm, 24, 
2 30 ImagenesCaras/s25/10.pgm, 25, 
2 30 ImagenesCaras/s26/10.pgm, 26, 
2 30 ImagenesCaras/s27/10.pgm, 27, 
2 30 ImagenesCaras/s28/10.pgm, 28, 
2 30 ImagenesCaras/s29/10.pgm, 29, 
2 30 ImagenesCaras/s30/10.pgm, 30, 
2 30 ImagenesCaras/s31/10.pgm, 31, 
2 30 ImagenesCaras/s32/10.pgm, 32, 
2 30 ImagenesCaras/s33/10.pgm, 33, 
2 30 ImagenesCaras/s34/10.pgm, 34, 
2 30 ImagenesCaras/s35/10.pgm, 35, 
2 30 ImagenesCaras/s36/10.pgm, 36, 
2 30 ImagenesCaras/s37/10.pgm, 37, 
2 30 ImagenesCaras/s38/10.pgm, 38, 
2 30 ImagenesCaras/s39/10.pgm, 22, 
2 30 ImagenesCaras/s40/10.pgm, 5, 
2 30 ImagenesCaras/s41/10.pgm, 41, 
3 30 ImagenesCaras/s1/10.pgm, 3, 
3 30 ImagenesCaras/s2/10.pgm, 2, 
3 30 ImagenesCaras/s3/10.pgm, 3, 
3 30 ImagenesCaras/s4/10.pgm, 4, 
3 30 ImagenesCaras/s5/10.pgm, 5, 
3 30 ImagenesCaras/s6/10.pgm, 6, 
3 30 ImagenesCaras/s7/10.pgm, 7, 
3 30 ImagenesCaras/s8/10.pgm, 8, 
3 30 ImagenesCaras/s9/10.pgm, 9, 
3 30 ImagenesCaras/s10/10.pgm, 8, 
3 30 ImagenesCaras/s11/10.pgm, 11, 
3 30 ImagenesCaras/s12/10.pgm, 12, 
3 30 ImagenesCaras/s13/10.pgm, 13, 
3 30 ImagenesCaras/s14/10.pgm, 14, 
3 30 ImagenesCaras/s15/10.pgm, 15, 
3 30 ImagenesCaras/s16/10.pgm, 16, 
3 30 ImagenesCaras/s17/10.pgm, 17, 
3 30 ImagenesCaras/s18/10.pgm, 18, 
3 30 ImagenesCaras/s19/10.pgm, 19, 
3 30 ImagenesCaras/s20/10.pgm, 20, 
3 30 ImagenesCaras/s21/10.pgm, 21, 
3 30 ImagenesCaras/s22/10.pgm, 22, 
3 30 ImagenesCaras/s23/10.pgm, 23, 
3 30 ImagenesCaras/s24/10.pgm, 24, 
3 30 ImagenesCaras/s25/10.pgm, 25, 
3 30 ImagenesCaras/s26/10.pgm, 26, 
3 30 ImagenesCaras/s27/10.pgm, 27, 
3 30 ImagenesCaras/s28/10.pgm, 28, 
3 30 ImagenesCaras/s29/10.pgm, 29, 
3 30 ImagenesCaras/s30/10.pgm, 30, 
3 30 ImagenesCaras/s31/10.pgm, 31, 
3 30 ImagenesCaras/s32/10.pgm, 32, 
3 30 ImagenesCaras/s33/10.pgm, 33, 
3 30 ImagenesCaras/s34/10.pgm, 34, 
3 30 ImagenesCaras/s35/10.pgm, 35, 
3 30 ImagenesCaras/s36/10.pgm, 36, 
3 30 ImagenesCaras/s37/10.pgm, 37, 
3 30 ImagenesCaras/s38/10.pgm, 38, 
3 30 ImagenesCaras/s39/10.pgm, 39, 
3 30 ImagenesCaras/s40/10.pgm, 5, 
3 30 ImagenesCaras/s41/10.pgm, 41, 
5 30 ImagenesCaras/s1/10.pgm, 25, 
5 30 ImagenesCaras/s2/10.pgm, 2, 
5 30 ImagenesCaras/s3/10.pgm, 3, 
5 30 ImagenesCaras/s4/10.pgm, 4, 
5 30 ImagenesCaras/s5/10.pgm, 5, 
5 30 ImagenesCaras/s6/10.pgm, 6, 
5 30 ImagenesCaras/s7/10.pgm, 7, 
5 30 ImagenesCaras/s8/10.pgm, 8, 
5 30 ImagenesCaras/s9/10.pgm, 9, 
5 30 ImagenesCaras/s10/10.pgm, 8, 
5 30 ImagenesCaras/s11/10.pgm, 11, 
5 30 ImagenesCaras/s12/10.pgm, 12, 
5 30 ImagenesCaras/s13/10.pgm, 13, 
5 30 ImagenesCaras/s14/10.pgm, 14, 
5 30 ImagenesCaras/s15/10.pgm, 15, 
5 30 ImagenesCaras/s16/10.pgm, 16, 
5 30 ImagenesCaras/s17/10.pgm, 17, 
5 30 ImagenesCaras/s18/10.pgm, 18, 
5 30 ImagenesCaras/s19/10.pgm, 19, 
5 30 ImagenesCaras/s20/10.pgm, 20, 
5 30 ImagenesCaras/s21/10.pgm, 21, 
5 30 ImagenesCaras/s22/10.pgm, 22, 
5 30 ImagenesCaras/s23/10.pgm, 38, 
5 30 ImagenesCaras/s24/10.pgm, 24, 
5 30 ImagenesCaras/s25/10.pgm, 25, 
5 30 ImagenesCaras/s26/10.pgm, 26, 
5 30 ImagenesCaras/s27/10.pgm, 27, 
5 30 ImagenesCaras/s28/10.pgm, 28, 
5 30 ImagenesCaras/s29/10.pgm, 29, 
5 30 ImagenesCaras/s30/10.pgm, 30, 
5 30 ImagenesCaras/s31/10.pgm, 31, 
5 30 ImagenesCaras/s32/10.pgm, 32, 
5 30 ImagenesCaras/s33/10.pgm, 33, 
5 30 ImagenesCaras/s34/10.pgm, 34, 
5 30 ImagenesCaras/s35/10.pgm, 40, 
5 30 ImagenesCaras/s36/10.pgm, 36, 
5 30 ImagenesCaras/s37/10.pgm, 37, 
5 30 ImagenesCaras/s38/10.pgm, 38, 
5 30 ImagenesCaras/s39/10.pgm, 39, 
5 30 ImagenesCaras/s40/10.pgm, 5, 
5 30 ImagenesCaras/s41/10.pgm, 41, 
7 30 ImagenesCaras/s1/10.pgm, 25, 
7 30 ImagenesCaras/s2/10.pgm, 2, 
7 30 ImagenesCaras/s3/10.pgm, 3, 
7 30 ImagenesCaras/s4/10.pgm, 4, 
7 30 ImagenesCaras/s5/10.pgm, 5, 
7 30 ImagenesCaras/s6/10.pgm, 6, 
7 30 ImagenesCaras/s7/10.pgm, 7, 
7 30 ImagenesCaras/s8/10.pgm, 8, 
7 30 ImagenesCaras/s9/10.pgm, 9, 
7 30 ImagenesCaras/s10/10.pgm, 3, 
7 30 ImagenesCaras/s11/10.pgm, 11, 
7 30 ImagenesCaras/s12/10.pgm, 12, 
7 30 ImagenesCaras/s13/10.pgm, 13, 
7 30 ImagenesCaras/s14/10.pgm, 14, 
7 30 ImagenesCaras/s15/10.pgm, 15, 
7 30 ImagenesCaras/s16/10.pgm, 16, 
7 30 ImagenesCaras/s17/10.pgm, 17, 
7 30 ImagenesCaras/s18/10.pgm, 18, 
7 30 ImagenesCaras/s19/10.pgm, 19, 
7 30 ImagenesCaras/s20/10.pgm, 20, 
7 30 ImagenesCaras/s21/10.pgm, 21, 
7 30 ImagenesCaras/s22/10.pgm, 22, 
7 30 ImagenesCaras/s23/10.pgm, 23, 
7 30 ImagenesCaras/s24/10.pgm, 24, 
7 30 ImagenesCaras/s25/10.pgm, 25, 
7 30 ImagenesCaras/s26/10.pgm, 26, 
7 30 ImagenesCaras/s27/10.pgm, 27, 
7 30 ImagenesCaras/s28/10.pgm, 28, 
7 30 ImagenesCaras/s29/10.pgm, 29, 
7 30 ImagenesCaras/s30/10.pgm, 30, 
7 30 ImagenesCaras/s31/10.pgm, 31, 
7 30 ImagenesCaras/s32/10.pgm, 32, 
7 30 ImagenesCaras/s33/10.pgm, 33, 
7 30 ImagenesCaras/s34/10.pgm, 34, 
7 30 ImagenesCaras/s35/10.pgm, 40, 
7 30 ImagenesCaras/s36/10.pgm, 17, 
7 30 ImagenesCaras/s37/10.pgm, 37, 
7 30 ImagenesCaras/s38/10.pgm, 38, 
7 30 ImagenesCaras/s39/10.pgm, 39, 
7 30 ImagenesCaras/s40/10.pgm, 5, 
7 30 ImagenesCaras/s41/10.pgm, 17, 
